fips,STATEABBRV,eal_rfld,eal_flood,nfip_oos,nfip_pre,noaa_oos,noaa_pre
01001,AL,180448.40126112555,180448.40126112555,28044.34,232538.74000000002,0.0,0.0
01003,AL,2509792.6434214483,2657491.4230230474,123453200.33,46402949.27,500000.0,27905000.0
01005,AL,14093.481737919577,14093.481737919577,16797.8,628947.71,0.0,0.0
01007,AL,20273.52092444053,20273.52092444053,85.94,1703.85,0.0,0.0
01009,AL,31959.200462868987,31959.200462868987,55327.35,526760.18,0.0,10000.0
01011,AL,36982.308864303384,36982.308864303384,0.0,0.0,0.0,0.0
01013,AL,104980.8243214459,104980.8243214459,0.0,0.0,0.0,600000.0
01015,AL,69206.76460976372,69206.76460976372,202516.37,124718.66,0.0,10000.0
01017,AL,240255.11983702428,240255.11983702428,68842.98000000001,87436.61,0.0,0.0
01019,AL,18217.651542032207,18217.651542032207,124849.23000000001,213787.08,0.0,8000.0
01021,AL,6733.5782073149885,6733.5782073149885,36267.06,2344.4,0.0,5000.0
01023,AL,538931.7184477592,538931.7184477592,38799.44,252104.03000000003,20000.0,1975000.0
01025,AL,232565.55455520566,232588.75253556075,0.0,586840.96,250000.0,2285000.0
01027,AL,36434.1300157138,36434.1300157138,0.0,0.0,0.0,0.0
01029,AL,22953.170639170676,22953.170639170676,0.0,0.0,0.0,0.0
01031,AL,918658.4833445554,918658.4833445554,43253.030000000006,2123191.71,500000.0,1855000.0
01033,AL,83641.85893430453,83641.85893430453,234563.56,800332.2899999999,0.0,66000.0
01035,AL,20825.98830676349,20825.98830676349,0.0,0.0,50000.0,100000.0
01037,AL,7662.608308756481,7662.608308756481,0.0,137628.1,0.0,75000.0
01039,AL,417500.79093024606,417500.79093024606,0.0,33467.91,0.0,3160000.0
01041,AL,41260.70391664769,41260.70391664769,0.0,0.0,50000.0,140000.0
01043,AL,33987.12635082212,33987.12635082212,180398.83000000002,216987.88,0.0,20000.0
01045,AL,350328.39179300354,350328.39179300354,0.0,96445.59,0.0,268000.0
01047,AL,29997.87076377247,29997.87076377247,151387.55,363705.56,0.0,75000.0
01049,AL,253023.476346381,253023.476346381,395654.37999999995,202820.53,0.0,0.0
01051,AL,382757.91752574436,382757.91752574436,297805.89,206644.49,0.0,0.0
01053,AL,388779.4093469307,388779.4093469307,2806964.1100000003,47907.91,105000.0,5000.0
01055,AL,20716.715544610048,20716.715544610048,140977.32,63537.770000000004,0.0,0.0
01057,AL,11211.998936039887,11211.998936039887,0.0,0.0,0.0,30000.0
01059,AL,4642.534473870901,4642.534473870901,0.0,52093.229999999996,0.0,0.0
01061,AL,741719.3382287173,741719.3382287173,154922.13,266348.25,505000.0,3206000.0
01063,AL,7020.818198732754,7020.818198732754,406199.12,319175.92,0.0,0.0
01065,AL,10139.606567066345,10139.606567066345,235849.52000000002,38876.01,0.0,85000.0
01067,AL,78911.4673394227,78911.4673394227,295217.23,0.0,0.0,301000.0
01069,AL,3150150.273700741,3150150.273700741,491446.02999999997,831700.6,125000.0,2545460.0
01071,AL,157170.9112715519,157170.9112715519,98477.59,262912.61,0.0,415000.0
01073,AL,48028879.10754016,48028879.10754016,10512448.71,13936783.44,0.0,280000.0
01075,AL,22603.414489367202,22603.414489367202,0.0,0.0,0.0,85000.0
01077,AL,156854.88196741682,156854.88196741682,147890.2,356523.01,0.0,1051000.0
01079,AL,12030.430865239472,12030.430865239472,227402.59999999998,334868.87,0.0,60000.0
01081,AL,309714.7789777303,309714.7789777303,304527.33,105238.51,0.0,50000.0
01083,AL,20041.844708004544,20041.844708004544,198883.58000000002,306553.24,0.0,15000.0
01085,AL,12395.885563582648,12395.885563582648,4817.38,11096.09,0.0,10000.0
01087,AL,12750.247718393879,12750.247718393879,31548.67,24413.45,0.0,0.0
01089,AL,263895.40574740525,263895.40574740525,1833552.01,2529771.34,0.0,177000.0
01091,AL,17366.590404451927,17366.590404451927,46211.53999999999,19858.620000000003,0.0,75000.0
01093,AL,20289.296926227078,20289.296926227078,0.0,89957.6,0.0,15000.0
01095,AL,62062.22322817006,62062.22322817006,425822.98,349857.44,0.0,120000.0
01097,AL,750345.1062510295,934153.8597237607,6609988.62,11364566.790000001,25000.0,7131000.0
01099,AL,21820.645011890258,21822.568333051397,0.0,6059.37,100000.0,325000.0
01101,AL,143918.33614929765,143918.33614929765,1221753.56,784687.92,0.0,0.0
01103,AL,99941.81131207061,99941.81131207061,120934.25,1569682.68,0.0,35000.0
01105,AL,5672.184075654447,5672.184075654447,0.0,0.0,0.0,12000.0
01107,AL,24826.85949857413,24826.85949857413,289134.52,275514.88,0.0,0.0
01109,AL,8737.463601644982,8737.463601644982,0.0,0.0,0.0,0.0
01111,AL,98154.57209061936,98154.57209061936,0.0,15828.970000000001,0.0,240000.0
01113,AL,26460.85203703082,26460.85203703082,778112.6699999999,239977.97,0.0,30000.0
01115,AL,91207.53662793618,91207.53662793618,230532.36,672698.95,0.0,0.0
01117,AL,103732.4930129127,103732.4930129127,9793319.43,4100510.07,0.0,570000.0
01119,AL,68718.33371379324,68718.33371379324,106293.05,17223.629999999997,0.0,0.0
01121,AL,87847.52370016389,87847.52370016389,1041748.06,438573.2,0.0,540000.0
01123,AL,25450.05255306752,25450.05255306752,21232.51,36300.96,0.0,110000.0
01125,AL,29998.356541007695,29998.356541007695,1513975.73,678250.53,3350000.0,135000.0
01127,AL,61139.612860671594,61139.612860671594,159378.26,243477.82,0.0,0.0
01129,AL,82029.99674399226,82044.25431876202,0.0,9440.84,0.0,1725000.0
01131,AL,21529.619183485956,21529.619183485956,0.0,4521.27,0.0,100000.0
01133,AL,15249.166449269544,15249.166449269544,84638.27,0.0,0.0,5000.0
02020,AK,267911.6769145799,274507.7991509702,12431.31,166222.84,250000.0,0.0
02050,AK,568791.7897829376,568791.7897829376,7895.3,0.0,0.0,0.0
02063,AK,1015.058764741117,3525.3724153688227,0.0,0.0,0.0,0.0
02070,AK,122304.34561933443,127650.06226572226,0.0,0.0,0.0,0.0
02090,AK,193414.9632698418,193414.9632698418,432363.7,509567.03,0.0,0.0
02100,AK,77.1848601518444,77.1848601518444,0.0,0.0,0.0,0.0
02105,AK,10841.162134505657,11684.83933358696,0.0,0.0,0.0,0.0
02110,AK,111286.47642144325,133084.28854636458,4525082.34,272750.42,0.0,0.0
02122,AK,2056540.4589104783,2067377.530460126,79348.42,127989.07,0.0,0.0
02130,AK,437.5907932102678,437.5907932102678,7915.73,99036.47,0.0,0.0
02158,AK,241271.66047370576,241271.66047370576,0.0,0.0,0.0,0.0
02164,AK,610.8989542088044,610.8989542088044,0.0,0.0,0.0,0.0
02170,AK,617554.8336338643,617554.8336338643,410285.18,742936.78,0.0,0.0
02180,AK,39897.34974033576,51686.40862562327,896403.12,0.0,0.0,0.0
02188,AK,21947.183112764444,25201.70305241194,93766.56,3625.62,0.0,0.0
02195,AK,39151.32540208426,40024.77803843535,0.0,0.0,0.0,0.0
02220,AK,199598.10272093274,209914.65851362655,0.0,0.0,0.0,1801300.0
02230,AK,127.53681586511365,127.53681586511365,0.0,0.0,0.0,0.0
02240,AK,229882.6023719183,229882.6023719183,0.0,0.0,0.0,0.0
02275,AK,3170.591003446002,8256.41340380902,0.0,0.0,0.0,0.0
02290,AK,1583576.6426872646,1583576.6426872646,0.0,3018468.88,0.0,0.0
04001,AZ,13766.154850190804,13766.154850190804,8484.72,0.0,0.0,240000.0
04003,AZ,899303.6604206978,899303.6604206978,72726.09,309383.86,3655000.0,2455000.0
04005,AZ,2786556.9068846996,2786556.9068846996,1500184.54,1400656.07,12400000.0,6830000.0
04007,AZ,129676.84819143068,129676.84819143068,1139334.48,801617.91,77244000.0,777000.0
04009,AZ,153312.64416825652,153312.64416825652,10398.54,211014.69,116000.0,790000.0
04011,AZ,117001.47668900821,117001.47668900821,13189.84,9100.31,325000.0,171000.0
04012,AZ,4621605.529965151,4621605.529965151,22056.81,94645.03,675000.0,5583000.0
04013,AZ,3215733.7934486666,3215733.7934486666,3293828.9,11384140.82,27652000.0,27553000.0
04015,AZ,1242212.2688382333,1242212.2688382333,560827.19,452014.74,2494000.0,14412100.0
04017,AZ,422415.3529360219,422415.3529360219,126009.04,18434.39,30000.0,40000.0
04019,AZ,4627942.017492332,4627942.017492332,1022586.39,2244062.0,5336000.0,11195500.0
04021,AZ,2646361.3881579814,2646361.3881579814,696827.67,1665282.11,10763500.0,2149000.0
04023,AZ,904102.6773847457,904102.6773847457,44848.69,308689.17,49000.0,1566000.0
04025,AZ,26.702904601417806,26.702904601417806,1224428.29,2023943.5699999998,0.0,8655000.0
04027,AZ,1452000.3915211705,1452000.3915211705,221779.8,0.0,126500.0,192000.0
05001,AR,390306.1146052062,390306.1146052062,377761.73,684591.24,100000.0,13275000.0
05003,AR,1429454.2217114419,1429454.2217114419,8046.78,650204.52,88000.0,622000.0
05005,AR,670444.8976963399,670444.8976963399,25483.42,547228.92,0.0,1350000.0
05007,AR,1283704.6362778442,1283704.6362778442,3087704.35,5039012.55,10000.0,5145000.0
05009,AR,658013.0447107578,658013.0447107578,0.0,450630.16,0.0,6442000.0
05011,AR,36345.68673804993,36345.68673804993,403908.55,546843.85,0.0,886000.0
05013,AR,8508.403806986309,8508.403806986309,0.0,108528.2,0.0,1316000.0
05015,AR,207865.8987771148,207865.8987771148,3086.56,5936.469999999999,0.0,510000.0
05017,AR,1925990.390944908,1925990.390944908,334802.97,3140791.71,361000.0,4553000.0
05019,AR,412299.01984823425,412299.01984823425,343937.31,112175.69,0.0,1621000.0
05021,AR,219127.08783767486,219127.08783767486,268880.72,2989101.8,70000.0,5685000.0
05023,AR,728267.8080556086,728267.8080556086,5071.14,840038.85,0.0,3551000.0
05025,AR,84663.35009066897,84663.35009066897,0.0,0.0,0.0,1616000.0
05027,AR,190324.6674175602,190324.6674175602,0.0,0.0,0.0,50000.0
05029,AR,578985.5430231537,578985.5430231537,0.0,153578.28999999998,0.0,9770000.0
05031,AR,425192.3657573032,425192.3657573032,693766.27,3638091.43,305000.0,3355000.0
05033,AR,594922.971374607,594922.971374607,347784.8,919531.65,0.0,630000.0
05035,AR,331677.1678005134,331677.1678005134,3183189.51,4861296.85,5000.0,9500000.0
05037,AR,55119.870226302926,55119.870226302926,592455.71,515094.03,0.0,1134000.0
05039,AR,155814.73087669452,155814.73087669452,0.0,0.0,0.0,2102000.0
05041,AR,290232.9710606906,290232.9710606906,1163258.09,1759454.02,250000.0,5366000.0
05043,AR,120101.22840299766,120101.22840299766,70924.46,184145.12000000002,0.0,1048000.0
05045,AR,1222846.769317625,1222846.769317625,215706.90999999997,6587051.0,0.0,13175000.0
05047,AR,287661.6153854622,287661.6153854622,14552.41,193378.88999999998,375000.0,365000.0
05049,AR,747850.2128228707,747850.2128228707,539663.37,495759.07,0.0,4783000.0
05051,AR,794743.362797458,794743.362797458,436313.41000000003,891934.77,0.0,5856000.0
05053,AR,64133.38012639937,64133.38012639937,41054.86,49988.45,0.0,1376000.0
05055,AR,42726.32231318755,42726.32231318755,149614.33,276200.14,25000.0,370000.0
05057,AR,472339.6942666341,472339.6942666341,11578.06,606145.9199999999,0.0,770000.0
05059,AR,288562.0180295022,288562.0180295022,196078.95,0.0,0.0,1841000.0
05061,AR,308503.7156021783,308503.7156021783,0.0,73585.84,0.0,0.0
05063,AR,1020135.3257868703,1020135.3257868703,87190.14,798598.84,0.0,11293000.0
05065,AR,1047447.0787763015,1047447.0787763015,37910.13,909819.83,0.0,4100000.0
05067,AR,524028.48184629774,524028.48184629774,142342.16,1946004.15,0.0,20147000.0
05069,AR,1418432.872653958,1418432.872653958,191794.32,10132229.83,0.0,16121000.0
05071,AR,237859.0657869131,237859.0657869131,7668.3,7530.48,2000.0,985000.0
05073,AR,32378.852419112125,32378.852419112125,0.0,0.0,0.0,13500000.0
05075,AR,902951.17841024,902951.17841024,242562.92,524747.96,0.0,9008000.0
05077,AR,217459.01482554397,217459.01482554397,955154.4,218451.44,25000.0,550000.0
05079,AR,413511.556799165,413511.556799165,212749.27,351959.87,0.0,2629000.0
05081,AR,63760.023618398,63760.023618398,0.0,0.0,2000.0,14020000.0
05083,AR,520123.7811485423,520123.7811485423,0.0,4262.4,0.0,620000.0
05085,AR,869762.8030906061,869762.8030906061,207117.16999999998,555364.07,0.0,9530000.0
05087,AR,436314.0262296364,436314.0262296364,0.0,112499.23999999999,35000.0,550000.0
05089,AR,90463.18011288978,90463.18011288978,1008053.45,7002.34,0.0,1597000.0
05091,AR,247358.4333657307,247358.4333657307,1580193.5,12967.900000000001,0.0,1031000.0
05093,AR,119378.69260913532,119378.69260913532,530941.36,1281759.56,75000.0,1616000.0
05095,AR,938962.8245037413,938962.8245037413,30810.449999999997,3098421.11,50000.0,57061000.0
05097,AR,386959.75585566234,386959.75585566234,69688.43,1255566.1,41000.0,10939000.0
05099,AR,20141.772697913566,20141.772697913566,0.0,5209.28,0.0,0.0
05101,AR,168033.63497238548,168033.63497238548,0.0,15480.19,10000.0,7380000.0
05103,AR,145402.7203846389,145402.7203846389,192444.03999999998,242990.32,0.0,981100.0
05105,AR,136900.45680898146,136900.45680898146,0.0,1118707.31,0.0,2704000.0
05107,AR,268881.0263540646,268881.0263540646,214460.43,1289965.3,50000.0,200000.0
05109,AR,491926.6208794226,491926.6208794226,0.0,316873.2,200000.0,1650000.0
05111,AR,103709.24929848709,103709.24929848709,155812.29,1308971.42,0.0,824000.0
05113,AR,347429.1448335158,347429.1448335158,7420.13,160717.12,0.0,4033000.0
05115,AR,421789.19928236416,421789.19928236416,43859.32000000001,518288.35,0.0,5360100.0
05117,AR,470407.9686082822,470407.9686082822,40903.35,2479832.77,0.0,30727000.0
05119,AR,2754467.7407172355,2754467.7407172355,2631271.36,13964807.0,146000.0,37744100.0
05121,AR,1443978.473872582,1443978.473872582,485715.26,7970270.55,0.0,20850000.0
05123,AR,210866.68754145922,210866.68754145922,0.0,178654.97,0.0,1252000.0
05125,AR,796792.4411697462,796792.4411697462,3106482.4899999998,1528021.4100000001,0.0,6569000.0
05127,AR,252741.47013809442,252741.47013809442,123367.13999999998,790995.66,10000.0,10390000.0
05129,AR,32782.30203422075,32782.30203422075,0.0,0.0,0.0,4318000.0
05131,AR,724552.9556213318,724552.9556213318,2018115.72,14016022.28,120000.0,1075000.0
05133,AR,302347.2220029773,302347.2220029773,34248.26,389169.55,0.0,25000.0
05135,AR,1725721.7849052069,1725721.7849052069,1693313.56,289193.54,10000.0,12407000.0
05137,AR,742257.1803466374,742257.1803466374,0.0,100000.0,0.0,2528000.0
05139,AR,149493.87535112278,149493.87535112278,753335.16,87455.0,0.0,0.0
05141,AR,511272.6941829365,511272.6941829365,5376.71,286563.38,0.0,2900000.0
05143,AR,1694885.7066479777,1694885.7066479777,3311079.87,8744245.25,110000.0,580000.0
05145,AR,727750.0487812057,727750.0487812057,11511.1,1684775.68,0.0,19062200.0
05147,AR,2081372.5807008557,2081372.5807008557,54684.55,1104498.17,0.0,24197000.0
05149,AR,488078.2540664947,488078.2540664947,0.0,87124.79000000001,0.0,1392000.0
06001,CA,3628911.006516483,4492110.98716685,2191213.6,143748.79,150.0,48500.0
06003,CA,0.0010383720268553776,0.0010383720268553776,0.0,12484.0,0.0,0.0
06005,CA,277318.06905389356,277318.06905389356,633316.49,541600.54,50000.0,0.0
06007,CA,15788682.649988333,15788682.649988333,1168330.94,2204651.55,51000.0,552735000.0
06009,CA,191830.76664903085,191830.76664903085,1066767.05,379425.2,120000.0,7510000.0
06011,CA,772740.8348496606,772740.8348496606,39217.27,853429.77,1000000.0,7020000.0
06013,CA,4415417.202630114,4601980.794828084,3334156.41,2579004.17,60.0,250500.0
06015,CA,1771924.0462577513,1825892.2962196597,0.0,18027.68,0.0,583700.0
06017,CA,2056549.973333767,2056549.973333767,831840.4099999999,1355561.68,100000.0,1970000.0
06019,CA,10746433.582275193,10746433.582275193,273446.25,246882.15,520100.0,630000.0
06021,CA,321351.2185505713,321351.2185505713,130319.34999999999,645165.63,5995000.0,0.0
06023,CA,3705337.48822503,8010188.996639842,719091.84,175852.2,31100.0,0.0
06025,CA,643219.8829932176,643219.8829932176,34255.77,0.0,37834500.0,875000.0
06027,CA,2444492.1952477866,2444492.1952477866,0.0,4061.69,514152200.0,37363000.0
06029,CA,47693525.68844091,47693525.68844091,280531.21,304265.0,6000.0,21029000.0
06031,CA,3883213.8424282344,3883213.8424282344,138454.38999999998,2246.38,1000.0,740190.0
06033,CA,1027386.6741063837,1027386.6741063837,56175.200000000004,2772935.72,25000.0,7440000.0
06035,CA,1724587.8736192053,1724587.8736192053,0.0,886900.9,1000.0,500000.0
06037,CA,512846.1339946259,548471.194676335,10526641.32,12729288.77,0.0,3200000.0
06039,CA,14778480.689455718,14778480.689455718,385978.18,21704.74,20000.0,153000.0
06041,CA,18818520.33882691,22530896.84602871,6229872.59,2249675.91,50.0,4089100.0
06043,CA,818292.4139303318,818292.4139303318,0.0,0.0,0.0,2132000.0
06045,CA,5696263.386142233,5926060.159233534,485247.51,138275.36000000002,0.0,1500000.0
06047,CA,6453077.01347632,6453077.01347632,10018275.37,248763.76,10002000.0,756000.0
06049,CA,3761131.1181710013,3761131.1181710013,0.0,0.0,1000000.0,0.0
06051,CA,1049835.2438116828,1049835.2438116828,46059.64,3927.13,0.0,477500.0
06053,CA,12820053.035140837,12882052.348938325,14230088.12,1661306.3,80.0,2588000.0
06055,CA,10207338.65093024,10393832.379225956,64748.65,389702.84,20.0,2500.0
06057,CA,1325114.1577314371,1325114.1577314371,0.0,573596.39,0.0,3735000.0
06059,CA,6307545.049615161,6344337.411252143,1939836.88,4616057.18,910000.0,48570000.0
06061,CA,1020299.3546664675,1020299.3546664675,174773.97999999998,840413.8,25000.0,5058000.0
06063,CA,1908394.4495083475,1908394.4495083475,0.0,419853.69,0.0,2140000.0
06065,CA,15174656.34949072,15174656.34949072,4512947.59,9538019.57,1255000.0,160723500.0
06067,CA,852338.210338397,852338.210338397,3564190.65,3239188.63,268000000.0,52000.0
06069,CA,599019.4402823896,599019.4402823896,1909294.07,1251478.56,15500000.0,0.0
06071,CA,23299880.184305314,23299880.184305314,3621924.37,1704989.92,19094100.0,187406500.0
06073,CA,7002895.983832012,7015552.322623262,24423894.18,12182723.31,30990000.0,9801800.0
06075,CA,1829747.068831988,1947951.9458952956,506336.18,335904.58,40.0,5600.0
06077,CA,242422.4745563187,242422.4745563187,2458786.12,385337.35,107000000.0,600000.0
06079,CA,5219389.12040543,5239536.945911552,3921568.27,621222.16,0.0,0.0
06081,CA,1609429.8275179728,3217095.0799160646,9488339.6,2233194.88,10.0,588000.0
06083,CA,2114479.9526448315,2219331.7042796756,5699710.34,17919134.19,0.0,0.0
06085,CA,269711.98980562546,1250704.4636455097,1101722.47,8345165.78,70.0,2710500.0
06087,CA,3914567.5732473293,3931772.570669761,12114757.87,2331706.47,70.0,15520500.0
06089,CA,286480.4254639995,286480.4254639995,1780516.25,1468650.55,7030000.0,337000.0
06091,CA,584522.3675993736,584522.3675993736,0.0,117932.26,0.0,6800000.0
06093,CA,2269934.3524291636,2269934.3524291636,0.0,5808.04,0.0,0.0
06095,CA,636939.7123304491,1297767.3200365854,864871.77,1102389.38,0.0,5000.0
06097,CA,21193124.796134733,21396051.045480743,1785282.8599999999,31919539.75,140.0,100400.0
06099,CA,51299.742733222905,51299.742733222905,219270.93,135459.86,0.0,0.0
06101,CA,406606.12869327306,406606.12869327306,87115.08,436349.85,0.0,0.0
06103,CA,643657.127221412,643657.127221412,1316288.11,2346761.67,14190000.0,7220000.0
06105,CA,151971.2406805657,151971.2406805657,0.0,19627.52,3202000.0,0.0
06107,CA,11487090.599281047,11487090.599281047,3194694.84,99530.78,7609000.0,7188700.0
06109,CA,178871.08747374476,178871.08747374476,95013.84,208370.87,42000000.0,51000000.0
06111,CA,41804641.55082548,41808791.64295326,1965279.71,2121942.73,0.0,0.0
06113,CA,81180.03201874148,81180.03201874148,41276.99,608031.54,11000000.0,2000.0
06115,CA,480675.4764273645,480675.4764273645,65731.61,311197.06,0.0,1020000.0
08001,CO,282524.5601026373,282524.5601026373,112982.09,133752.07,1300000.0,2150000.0
08003,CO,127642.93234307693,127642.93234307693,0.0,0.0,0.0,0.0
08005,CO,111308.91861082865,111308.91861082865,189925.59,681089.35,170000.0,4075000.0
08007,CO,19528.074849240216,19528.074849240216,122589.23000000001,0.0,46500.0,280000.0
08009,CO,11.429023932148587,11.429023932148587,0.0,0.0,0.0,0.0
08011,CO,139016.6903799908,139016.6903799908,0.0,0.0,0.0,0.0
08013,CO,17185368.517341714,17185368.517341714,555341.9,48641585.64,50000.0,298130000.0
08014,CO,49504.53109912266,49504.53109912266,154511.41999999998,21185.36,10000.0,0.0
08015,CO,155971.32057427597,155971.32057427597,0.0,304825.48000000004,0.0,0.0
08017,CO,74037.24351539185,74037.24351539185,0.0,0.0,3530.0,227500.0
08019,CO,18450.50029287822,18450.50029287822,6656.2,14399.669999999998,0.0,256000.0
08021,CO,7166.659080959441,7166.659080959441,0.0,0.0,0.0,0.0
08023,CO,40518.124008931125,40518.124008931125,0.0,10316.64,0.0,150000.0
08025,CO,14512.21563923894,14512.21563923894,0.0,0.0,0.0,0.0
08027,CO,226741.58711431496,226741.58711431496,0.0,0.0,0.0,0.0
08029,CO,135237.84591291333,135237.84591291333,0.0,0.0,23000.0,150000.0
08031,CO,174170.0849213951,174170.0849213951,35400.42,206792.00999999998,285000.0,1625000.0
08033,CO,32621.329365854403,32621.329365854403,0.0,0.0,28500.0,0.0
08035,CO,304785.1854679197,304785.1854679197,138882.97999999998,50832.95,55000.0,330000.0
08037,CO,105790.77158332159,105790.77158332159,0.0,142585.54,100000.0,25000.0
08039,CO,14847.123564845548,14847.123564845548,0.0,0.0,110000.0,275000.0
08041,CO,2597664.447071163,2597664.447071163,233300.13,5104541.92,0.0,28645000.0
08043,CO,911858.2110775113,911858.2110775113,0.0,217814.73,0.0,45000.0
08045,CO,231722.15926128227,231722.15926128227,16712.6,0.0,10500.0,1796100.0
08047,CO,89720.09301796666,89720.09301796666,0.0,0.0,0.0,0.0
08049,CO,826.8557117354115,826.8557117354115,0.0,0.0,150000.0,5000.0
08051,CO,13016.749565335664,13016.749565335664,0.0,7202.65,551000.0,0.0
08053,CO,5399.034846603312,5399.034846603312,0.0,0.0,500.0,0.0
08055,CO,700096.343428827,700096.343428827,0.0,0.0,0.0,8000.0
08057,CO,1348.2889216099177,1348.2889216099177,0.0,0.0,0.0,5000.0
08059,CO,6451190.719631536,6451190.719631536,437185.94,1282626.81,45000.0,8085000.0
08065,CO,3404.040537179466,3404.040537179466,0.0,2582.02,0.0,0.0
08067,CO,647511.3128838324,647511.3128838324,432679.31,364580.01999999996,826000.0,2330000.0
08069,CO,21974452.69946294,21974452.69946294,368015.58999999997,12432109.5,1510000.0,109550000.0
08071,CO,400405.5809294171,400405.5809294171,0.0,0.0,0.0,40000.0
08073,CO,25365.947356663168,25365.947356663168,0.0,0.0,55000.0,430000.0
08075,CO,2042871.401913128,2042871.401913128,5435.51,654301.28,140000.0,6285000.0
08077,CO,60886.363750539465,60886.363750539465,0.0,28453.4,152000.0,373000.0
08079,CO,52171.15226044431,52171.15226044431,0.0,0.0,0.0,0.0
08081,CO,3079.9056023115663,3079.9056023115663,0.0,0.0,15000.0,50000.0
08083,CO,39904.834980420885,39904.834980420885,0.0,16846.14,60350.0,0.0
08085,CO,134256.7102353152,134256.7102353152,4114.14,34253.55,691000.0,16000.0
08087,CO,2743385.704139608,2743385.704139608,0.0,396443.27999999997,50000.0,32715000.0
08089,CO,137586.7649904479,137586.7649904479,5404.87,76511.47,0.0,0.0
08091,CO,150327.61242576948,150327.61242576948,0.0,0.0,2000.0,150000.0
08093,CO,13593.40945970681,13593.40945970681,0.0,0.0,5000.0,40000.0
08095,CO,34574.48899966831,34574.48899966831,0.0,0.0,65000.0,75000.0
08097,CO,335089.35635082,335089.35635082,2573.28,9778.28,6000.0,10000.0
08099,CO,71009.12987549252,71009.12987549252,0.0,10802.33,0.0,0.0
08101,CO,4606869.19897046,4606869.19897046,0.0,99909.69999999998,0.0,510000.0
08103,CO,55107.24253222871,55107.24253222871,0.0,7078.98,0.0,205000.0
08105,CO,706300.2230076148,706300.2230076148,0.0,10287.11,0.0,0.0
08107,CO,5080.246131433161,5080.246131433161,0.0,358747.68,4500.0,0.0
08109,CO,7606.168099262365,7606.168099262365,0.0,0.0,0.0,0.0
08111,CO,2648.664388887026,2648.664388887026,0.0,0.0,0.0,5000.0
08113,CO,61590.78679939218,61590.78679939218,0.0,17001.579999999998,2000.0,5000.0
08115,CO,696274.6808745844,696274.6808745844,0.0,0.0,0.0,115000.0
08117,CO,114332.88957589182,114332.88957589182,4585.4,4794.28,0.0,210000.0
08119,CO,56109.9211770117,56109.9211770117,0.0,9595.59,0.0,10000.0
08121,CO,239592.1590830353,239592.1590830353,0.0,0.0,75000.0,16190000.0
08123,CO,10228853.12976951,10228853.12976951,54853.81,5285417.13,4770000.0,237030000.0
08125,CO,52734.46479751589,52734.46479751589,136507.41,1449.87,5420.0,15000.0
09001,CT,1099592.6097936842,11244695.78158243,28341312.31,186818572.16,5510000.0,4000000.0
09003,CT,940827.1554721319,956974.1327273312,1846376.53,5313418.16,1131000.0,8375000.0
09005,CT,191570.45929164774,191570.45929164774,1181126.6600000001,3491536.17,1903500.0,18000.0
09007,CT,69436.67786515308,1408762.805230904,1193454.04,29955842.25,50270.0,570000.0
09009,CT,271788.07492645393,5479736.0873418385,6193939.19,119693103.26,420000.0,1110000.0
09011,CT,456679.83757261507,1346339.1912093447,1632524.1,25460738.7,706240.0,6560000.0
09013,CT,69287.2565251276,69287.2565251276,243429.73,109634.39,90000.0,25000.0
09015,CT,65150.73088965799,65150.73088965799,434307.99,933294.82,23000.0,247000.0
10001,DE,245357.85468041388,2056802.7709268515,418383.17,690078.99,0.0,0.0
10003,DE,3486138.0267395456,6334628.6381946495,9790822.84,6821051.8100000005,3740000.0,655000.0
10005,DE,990772.9826104507,19118188.24736561,1216541.32,19658947.46,0.0,650000.0
11001,DC,9477225.460338121,10109139.383300878,1473356.03,2395519.2,100000.0,500000.0
12001,FL,145259.4379647295,145259.4379647295,2395163.47,4554829.71,8000.0,17000.0
12003,FL,43739.56909831187,43739.56909831187,179506.40999999997,1772079.91,3000.0,505000.0
12005,FL,2042087.2094350182,2109483.843634624,17392849.669999998,140800450.14,1835000.0,7956000.0
12007,FL,49626.954881633115,49626.954881633115,176492.26,3745768.88,35000.0,90000.0
12009,FL,3828815.307663692,9183401.124173936,11227599.09,22336623.48,18255000.0,105000.0
12011,FL,1807285.2327422716,1890752.2325255594,313187389.08,59022403.410000004,31239000.0,4062100.0
12013,FL,1274216.8698248297,1274326.230218086,1929.03,205046.18,1000000.0,4340000.0
12015,FL,348666.8974464355,376071.9787004389,457125887.09,3968154.1,0.0,0.0
12017,FL,73116.47588484758,356974.34122041403,270648545.36,50936611.84,10000000.0,133000.0
12019,FL,53132.08451867615,472991.41290529387,2278116.03,66875951.38,200.0,71000.0
12021,FL,1207013.580266125,1279217.5394740195,1052008256.07,62266096.62,65000.0,83500.0
12023,FL,78059.45905231909,78059.45905231909,188565.6,5468195.1,0.0,410000.0
12027,FL,479395.45644221996,480178.31261620333,12102119.96,2349037.64,0.0,1000000.0
12029,FL,999354.0246811326,2095621.5859696632,13321878.4,1441130.98,10000000.0,724000.0
12031,FL,288912.5187124293,1270510.3866548142,13097267.59,170063453.28,565000.0,1650200.0
12033,FL,8808159.881820539,8869593.69643101,104527336.41,86767970.65,0.0,150185000.0
12035,FL,169132.39631922095,842387.4676672842,20444451.43,55762729.339999996,0.0,12100.0
12037,FL,506480.1736234452,761900.8690311296,1160876.32,19518119.61,0.0,0.0
12039,FL,834506.7609480792,834506.7609480792,121509.48,0.0,0.0,0.0
12041,FL,21439.8358547549,24639.048193919603,80506.59,351320.17,0.0,10.0
12043,FL,187016.83373963067,187020.5574804977,0.0,112178.56000000001,0.0,50000.0
12045,FL,526989.7918941044,620534.8528631872,422982.23,81982338.96,0.0,100000.0
12047,FL,77740.81355670399,77740.81355670399,0.0,50367.299999999996,35000.0,300000.0
12049,FL,325740.4289877089,325757.6624655183,4317813.65,1151411.4,10000.0,1640000.0
12051,FL,61060.11208564486,61186.94562775687,69753.81,227713.41,0.0,20000.0
12053,FL,84662.91379809428,151296.08325492864,97879682.8,11169495.77,30000.0,5941000.0
12055,FL,390575.8885554657,390575.8885554657,1215010.3,818203.54,0.0,0.0
12057,FL,1053426.852778434,1460190.114804545,1102967495.33,22830358.1,0.0,10875000.0
12059,FL,1800289.1461638068,1800289.1461638068,869646.6,49806.759999999995,8500000.0,11418000.0
12061,FL,362158.6674288644,2158253.8631097507,4701657.9,7388444.73,400000.0,956000.0
12063,FL,1220812.0773658326,1220812.0773658326,133775.7,283043.58,7000000.0,8723000.0
12065,FL,325730.88763165404,327287.51917734486,0.0,531.74,0.0,20000.0
12067,FL,671425.3963984862,673123.0871772321,18051.73,220190.13,0.0,956000.0
12069,FL,37712.676783909126,38124.733593328725,3848139.77,2318681.44,21300000.0,0.0
12071,FL,25580055.434768118,25669180.86537315,3809171753.0,67555685.43,545000.0,500450000.0
12073,FL,2957000.9055974283,2957791.556080346,1541736.28,767424.41,3750000.0,175000.0
12075,FL,45515.14167646499,769737.0623853691,39368010.3,7489792.8100000005,10000.0,100000.0
12077,FL,268314.05761753843,268947.46079124574,0.0,0.0,50000.0,0.0
12079,FL,643043.4194167212,643043.4194167212,89026.14,171051.0,5000000.0,0.0
12081,FL,721055.6710368545,1639712.5453077117,610766367.55,10303978.22,55000.0,1690000.0
12083,FL,218706.51783512533,219894.12334159148,1504610.84,3734107.26,0.0,331600.0
12085,FL,73827.4785812494,2201412.277101504,3286150.11,4286753.46,700000.0,340000.0
12086,FL,65894617.84112471,66024166.69468309,136858588.42,153708823.78,4102000.0,2295000.0
12087,FL,17668.31903942835,150228.2847893388,31063552.16,291497066.67,31500.0,26000.0
12089,FL,66686.77687606055,374381.7187966034,2234226.49,7370115.15,25000.0,0.0
12091,FL,237418.06627962936,262417.2888072322,10902540.41,12105452.88,0.0,1610000.0
12093,FL,171745.02934619726,171745.02934619726,0.0,512263.49,0.0,150000.0
12095,FL,43010.7485438951,43010.7485438951,64857470.74,4650101.9,221010000.0,11000.0
12097,FL,520870.06366581627,520870.06366581627,21447531.54,2649690.39,245800000.0,30000.0
12099,FL,7857382.442286579,7905430.433858025,9404885.47,17866281.63,85000.0,8890000.0
12101,FL,1386186.2304481806,1702606.2334657232,555909659.7,33379488.02,50000.0,99960000.0
12103,FL,594273.6646430176,1856449.2474329444,3547568858.96,13596894.76,125000.0,5850000.0
12105,FL,133537.22558413868,133537.22558413868,29988164.91,8015688.0200000005,0.0,100000.0
12107,FL,124568.30015269862,429472.87473323767,2209793.25,6626884.66,0.0,5000.0
12109,FL,175323.501042934,7087134.343981787,33138694.83,210032664.42,5000.0,38271000.0
12111,FL,3731685.6652916446,5103423.135893326,1187024.69,13024516.87,5000.0,30090000.0
12113,FL,1027460.7465142604,1077039.7198194268,34295051.38,20722008.72,0.0,16580000.0
12115,FL,259949.19780451088,652547.9054422318,815877774.85,4192122.2,10950000.0,570000.0
12117,FL,35522.269255047366,35522.269255047366,43510247.36,5631660.61,268000000.0,10000.0
12119,FL,23377.1642974504,23377.1642974504,757875.7,175115.41,35000.0,67000.0
12121,FL,63518.273419122925,64407.69345360823,3005487.24,3046896.21,0.0,320000.0
12123,FL,674093.7915229187,885740.8095757086,28781403.87,4611567.73,5005000.0,695330.0
12125,FL,20968.312534789966,20968.312534789966,33864.32,230156.07,0.0,0.0
12127,FL,2417919.545261115,5374732.81850202,467228826.52,64575017.65,580458000.0,3652000.0
12129,FL,1152648.3264971033,1283310.0773821087,885240.51,11618871.04,0.0,8810000.0
12131,FL,2598086.8255291046,2618321.47819175,5762186.18,9324086.35,11250000.0,14965000.0
12133,FL,1613638.5177816735,1613676.076396947,2226125.14,482071.62000000005,30000000.0,27273000.0
13001,GA,16706.070931130515,16706.070931130515,311938.93000000005,46643.47000000001,0.0,9500.0
13003,GA,7063.103662914516,7063.103662914516,0.0,0.0,0.0,0.0
13005,GA,7698.601187313338,7698.601187313338,0.0,0.0,0.0,2500.0
13007,GA,237891.07436070874,237891.07436070874,160468.84,97786.56,0.0,28000.0
13009,GA,3759.276622193761,3759.276622193761,4222.9,2492.71,0.0,3000.0
13011,GA,86709.00656968998,86709.00656968998,53458.21,0.0,30000.0,10000.0
13013,GA,22603.144033195622,22603.144033195622,0.0,344599.54000000004,0.0,20000.0
13015,GA,155626.59323999367,155626.59323999367,397017.9,180134.09999999998,50000.0,12000.0
13017,GA,312818.22178790194,312818.22178790194,20450.58,13241.86,170000.0,0.0
13019,GA,9672.44302952283,9672.44302952283,83212.51000000001,17630.97,10000.0,0.0
13021,GA,32523.520364827746,32523.520364827746,1593532.14,281021.27,0.0,0.0
13023,GA,5260.063982420657,5260.063982420657,6202.69,0.0,0.0,5000.0
13025,GA,98740.10154750524,98784.81971242889,43417.5,0.0,0.0,0.0
13027,GA,256396.55512014873,256396.55512014873,228443.2,59678.08,20000.0,0.0
13029,GA,2648.9292531674228,93702.8219932032,3171617.31,2344609.28,0.0,0.0
13031,GA,12533.123759642916,12533.123759642916,4118287.33,336187.06,90000.0,72500.0
13033,GA,1189.8456556806832,1189.8456556806832,61825.4,0.0,122100.0,4800.0
13035,GA,1874.2127230388492,1874.2127230388492,1206036.89,264484.81,0.0,0.0
13037,GA,211697.15385642994,211697.15385642994,0.0,0.0,0.0,0.0
13039,GA,25096.04586817156,242093.17756449807,379272.85,5048016.73,0.0,804000.0
13043,GA,11929.432215425768,11929.432215425768,120490.25,3538.02,125000.0,0.0
13045,GA,1322977.6421510954,1322977.6421510954,23551.93,2523334.67,0.0,1074000.0
13047,GA,232242.41765140038,232242.41765140038,1496512.39,533435.61,30000.0,43000.0
13049,GA,8311.80861670697,8323.10089541374,84258.03,716717.66,0.0,0.0
13051,GA,987088.5450979298,1044283.5727967649,3875289.94,42858992.57,35000.0,163000.0
13053,GA,1587.5585913934472,1587.5585913934472,0.0,0.0,0.0,61000.0
13055,GA,872350.9801916219,872350.9801916219,173573.84,113693.32,115000.0,174000.0
13057,GA,1742982.7957041305,1742982.7957041305,46013.6,37928.55,0.0,78000.0
13059,GA,10679.883066875418,10679.883066875418,93032.09,18804.85,10000.0,36000.0
13061,GA,792.050492345619,792.050492345619,0.0,0.0,0.0,0.0
13063,GA,149727.99837144787,149727.99837144787,1804866.97,519538.37,55000.0,235000.0
13065,GA,72126.32832342062,72126.32832342062,0.0,1099.75,5000.0,0.0
13067,GA,1923897.4949297418,1923897.4949297418,9206445.22,1001345.97,1940000.0,116000.0
13069,GA,20908.01634517691,20908.01634517691,156076.29,89207.37,0.0,0.0
13071,GA,546786.0764698973,546786.0764698973,212096.59,118407.84,5000.0,0.0
13073,GA,26742.14622647232,26742.14622647232,1415873.74,469085.11,7000.0,597310.0
13075,GA,518472.16283851885,518472.16283851885,14950.619999999999,0.0,0.0,0.0
13077,GA,8260.210536851193,8260.210536851193,130970.06999999999,128388.72000000002,0.0,18000.0
13079,GA,6802.863045251881,6802.863045251881,0.0,0.0,30000.0,0.0
13081,GA,99031.60680343647,99031.60680343647,1208710.89,901308.0,45000.0,51000.0
13083,GA,175804.580167002,175804.580167002,0.0,2840.42,0.0,1904000.0
13085,GA,24082.44560801645,24082.44560801645,0.0,0.0,50000.0,90000.0
13087,GA,519234.0502279578,519234.0502279578,21701.760000000002,66380.66,0.0,305000.0
13089,GA,747015.4968704472,747015.4968704472,4315978.06,2684895.19,0.0,470000.0
13091,GA,8909.347720629474,8909.347720629474,0.0,0.0,60000.0,15000.0
13093,GA,27297.72343617203,27297.72343617203,56578.850000000006,152950.86000000002,0.0,0.0
13095,GA,995953.7482926652,995953.7482926652,918632.83,688432.68,100000.0,51000.0
13097,GA,454344.99938090926,454344.99938090926,109040.66,249363.11999999997,0.0,563000.0
13099,GA,368792.8566498517,368792.8566498517,14776.99,644778.64,0.0,0.0
13101,GA,1777.204404798767,1777.204404798767,50710.56,0.0,0.0,0.0
13103,GA,304.0230762861655,684.0140092298332,811591.35,140507.28999999998,100000.0,0.0
13105,GA,20356.712814943217,20356.712814943217,0.0,0.0,307000.0,17500.0
13107,GA,3212.7645356420585,3212.7645356420585,2090.7200000000003,2686.75,0.0,55000.0
13109,GA,1525.5078060857727,1525.5078060857727,249587.12,0.0,0.0,7500.0
13111,GA,117440.83715617018,117440.83715617018,342057.52,288503.6,70000.0,486000.0
13113,GA,143299.86900553966,143299.86900553966,347927.28,523278.69,0.0,1039000.0
13115,GA,210867.69122225657,210867.69122225657,358205.73,671076.88,70000.0,80000.0
13117,GA,65648.59167309335,65648.59167309335,558900.45,275845.25,0.0,39000.0
13119,GA,26044.327678966107,26044.327678966107,0.0,12218.02,20000.0,15000.0
13121,GA,5453657.0562962955,5453657.0562962955,23250512.57,6624725.62,590000.0,912000.0
13123,GA,1437515.5440283003,1437515.5440283003,157907.48,2057049.08,12000.0,4488000.0
13125,GA,534.1522118935403,534.1522118935403,0.0,0.0,0.0,8000.0
13127,GA,6983.968170357713,718584.9942080857,3446884.44,35054550.79,1000.0,0.0
13129,GA,912277.5375714961,912277.5375714961,1272999.33,196605.46,100000.0,34000.0
13131,GA,53420.1878753175,53420.1878753175,2111.74,71518.75,0.0,0.0
13133,GA,23480.88681990543,23480.88681990543,0.0,5839.09,30000.0,20000.0
13135,GA,825759.3221811414,825759.3221811414,1354903.03,1111730.1300000001,80000.0,72000.0
13137,GA,156077.75890483073,156077.75890483073,1669541.73,44173.03,223500.0,2000.0
13139,GA,129783.00584431349,129783.00584431349,605187.65,52960.07,70000.0,1050000.0
13141,GA,70110.96507087826,70110.96507087826,0.0,0.0,0.0,15000.0
13143,GA,128371.68342294657,128371.68342294657,0.0,0.0,0.0,5000.0
13145,GA,74547.28248416971,74547.28248416971,0.0,118019.12,20000.0,150000.0
13147,GA,24433.43420496988,24433.43420496988,0.0,0.0,125000.0,0.0
13149,GA,51189.65476183044,51189.65476183044,0.0,0.0,10000.0,20000.0
13151,GA,8508.666841589478,8508.666841589478,680940.65,268696.0,0.0,0.0
13153,GA,21647.821300191714,21647.821300191714,413624.15,16136.04,40000.0,40000.0
13155,GA,27338.816019727332,27338.816019727332,0.0,1432.34,0.0,0.0
13157,GA,49426.1003843905,49426.1003843905,0.0,20081.68,0.0,28000.0
13159,GA,1415.7645663140554,1415.7645663140554,55016.17,45582.96,0.0,2000.0
13161,GA,9255.162679960302,9255.162679960302,751.46,20617.32,0.0,0.0
13163,GA,554.406054794152,554.406054794152,9142.7,2299.96,40000.0,6000.0
13165,GA,27524.61801443127,27524.61801443127,2466.18,4594.4,290000.0,0.0
13167,GA,6637.837947968052,6637.837947968052,314.95,36633.82,0.0,96000.0
13169,GA,1605.365886795175,1605.365886795175,58768.990000000005,0.0,190000.0,0.0
13171,GA,2668.688361724867,2668.688361724867,180106.07,15537.6,0.0,0.0
13173,GA,888.2698387624258,888.2698387624258,26773.5,9070.99,0.0,0.0
13175,GA,3674.094829418655,3674.094829418655,53798.28,246428.37,35000.0,19000.0
13177,GA,323342.3620923795,323342.3620923795,2155528.59,1422530.53,50000.0,350000.0
13179,GA,3950.465421442234,26812.841684684387,542188.03,2207551.08,0.0,0.0
13181,GA,843.0883932971003,843.0883932971003,0.0,0.0,15320.0,39000.0
13183,GA,48151.90873832195,48207.6465139311,363622.16,19346.84,0.0,0.0
13185,GA,629967.9269643292,629967.9269643292,2433079.19,120567.88,5760000.0,50000.0
13187,GA,29121.686497811763,29121.686497811763,180717.47,19991.1,10000.0,30000.0
13189,GA,1354.243432092443,1354.243432092443,0.0,0.0,0.0,20000.0
13191,GA,2075.4379571098198,125689.89879776283,49175.47,887976.6,0.0,25000.0
13193,GA,8948.253921964952,8948.253921964952,0.0,2071.53,0.0,0.0
13195,GA,20437.091390763235,20437.091390763235,0.0,1448.27,0.0,60000.0
13197,GA,705.4570362456193,705.4570362456193,0.0,0.0,45000.0,0.0
13199,GA,64648.33521073977,64648.33521073977,0.0,0.0,0.0,0.0
13201,GA,431542.0598288027,431542.0598288027,0.0,8250.17,0.0,0.0
13205,GA,618388.6173462416,618388.6173462416,12604.54,350770.84,0.0,50000.0
13207,GA,29535.37519850663,29535.37519850663,338267.85,257118.91,0.0,0.0
13209,GA,3171.586431900105,3171.586431900105,197307.53,117011.04999999999,0.0,0.0
13211,GA,87057.22018559047,87057.22018559047,0.0,0.0,15000.0,340000.0
13213,GA,247385.00269901706,247385.00269901706,29384.97,285040.08,0.0,10000.0
13215,GA,26560.06205000605,26560.06205000605,573840.56,1052413.08,0.0,122000.0
13217,GA,35771.866756807154,35771.866756807154,212596.66,243915.76,0.0,786000.0
13219,GA,1532.244217652908,1532.244217652908,30889.65,0.0,0.0,10000.0
13221,GA,10069.549355109682,10069.549355109682,0.0,0.0,0.0,150500.0
13223,GA,145826.3951940735,145826.3951940735,27603.329999999998,15273.79,0.0,0.0
13225,GA,4850.966106892196,4850.966106892196,166747.7,60000.0,0.0,0.0
13227,GA,70428.85703717744,70428.85703717744,31531.27,36226.96,0.0,81000.0
13229,GA,4193.837003469669,4193.837003469669,0.0,4058.89,0.0,0.0
13231,GA,1301.8598731310376,1301.8598731310376,0.0,13440.58,15000.0,4000.0
13233,GA,412477.4048209862,412477.4048209862,220724.23,54047.95,180000.0,5043000.0
13235,GA,26118.50190432464,26118.50190432464,21623.21,141097.41999999998,0.0,5000.0
13237,GA,41412.64067717999,41412.64067717999,19493.12,0.0,0.0,35000.0
13239,GA,2221.985212969596,2221.985212969596,0.0,0.0,0.0,0.0
13241,GA,484420.93488916365,484420.93488916365,159250.46,19009.99,19500.0,4500.0
13243,GA,2941.0993742640394,2941.0993742640394,1035.48,0.0,0.0,0.0
13245,GA,59856.34910960758,59856.34910960758,1606836.7,580707.42,300600.0,245500.0
13247,GA,73453.22628637406,73453.22628637406,406213.76,101580.29,0.0,150000.0
13249,GA,47.79060629206061,47.79060629206061,0.0,0.0,0.0,0.0
13251,GA,3753.5558495798364,3753.5558495798364,182289.87,0.0,225000.0,36000.0
13253,GA,652469.171592262,652469.171592262,141893.3,312796.7,0.0,0.0
13255,GA,7896.247403195279,7896.247403195279,14713.88,82880.28,20000.0,0.0
13257,GA,354748.32828645187,354748.32828645187,7440.710000000001,0.0,0.0,5000.0
13259,GA,1747.7422610827268,1747.7422610827268,0.0,0.0,0.0,0.0
13261,GA,112879.67873317658,112879.67873317658,51597.44,19725.780000000002,0.0,92000.0
13263,GA,3762.6384878148206,3762.6384878148206,13443.53,31229.800000000003,25000.0,35000.0
13265,GA,4893.981012067291,4893.981012067291,0.0,0.0,0.0,0.0
13267,GA,81557.20591149743,81557.20591149743,258235.45,2654.13,75000.0,0.0
13269,GA,11896.972906946186,11896.972906946186,0.0,7004.24,0.0,0.0
13271,GA,5840.204884076795,5840.204884076795,0.0,9963.41,0.0,5000.0
13273,GA,67775.58492098204,67775.58492098204,6188.47,41931.3,0.0,0.0
13275,GA,590980.0044874008,590980.0044874008,266454.57,1452851.92,0.0,762000.0
13277,GA,63703.5116599683,63703.5116599683,94084.43,1034702.49,0.0,765000.0
13279,GA,4126.059377127227,4126.059377127227,188408.33000000002,48582.0,0.0,21000.0
13281,GA,43866.93081400379,43866.93081400379,47254.9,166383.48,0.0,42500.0
13283,GA,915.9046779538651,915.9046779538651,0.0,0.0,0.0,0.0
13285,GA,1080546.683537393,1080546.683537393,237978.3,879068.43,0.0,1918000.0
13287,GA,4139.991076033456,4139.991076033456,0.0,0.0,0.0,0.0
13289,GA,1039.3192353785898,1039.3192353785898,0.0,0.0,0.0,0.0
13291,GA,64900.897476040314,64900.897476040314,264097.46,146945.13,155000.0,135000.0
13293,GA,68625.66558836638,68625.66558836638,97472.40999999999,73278.74,60000.0,33000.0
13295,GA,789025.2931728192,789025.2931728192,914400.67,16468.690000000002,25000.0,19000.0
13297,GA,5322.964568754406,5322.964568754406,78059.26,150297.03,20000.0,0.0
13299,GA,11575.529456203172,11575.529456203172,94235.53,102413.77,500.0,0.0
13301,GA,1352.5424965024176,1352.5424965024176,0.0,0.0,0.0,13000.0
13303,GA,1530.1607341893184,1530.1607341893184,213951.52000000002,0.0,175000.0,2000.0
13305,GA,4545.36423489956,4565.449625073852,0.0,50534.79,10000.0,100000.0
13307,GA,1952.0639419381532,1952.0639419381532,0.0,0.0,0.0,0.0
13309,GA,1467.969903450337,1467.969903450337,5882.58,26195.370000000003,0.0,0.0
13311,GA,120652.96905472243,120652.96905472243,567630.9199999999,67446.74,223000.0,469000.0
13313,GA,312571.8273320801,312571.8273320801,3760786.96,536254.96,165000.0,265000.0
13315,GA,4664.031645788745,4664.031645788745,0.0,0.0,80000.0,0.0
13317,GA,12524.161871994915,12524.161871994915,0.0,0.0,40000.0,0.0
13319,GA,614.1041348972236,614.1041348972236,0.0,0.0,100000.0,0.0
13321,GA,366548.48369082244,366548.48369082244,0.0,134218.41,0.0,1540000.0
15001,HI,5870645.151158357,5970932.069942489,3048118.92,12243985.92,16460000.0,7100000.0
15003,HI,6977990.824417438,8309389.282148562,16628828.84,29893034.93,1035261000.0,2200000.0
15005,HI,1341.0454622685743,1415.4516519018985,0.0,0.0,0.0,0.0
15007,HI,2232181.943116873,2342382.9879668956,4236088.64,9036763.48,74200000.0,19100000.0
15009,HI,388860.92360906804,584666.4926872349,11324612.44,2915602.16,45920000.0,0.0
16001,ID,85283.01487593126,85283.01487593126,12520.32,325549.7,2000000.0,4010000.0
16003,ID,38849.18644678096,38849.18644678096,0.0,5888.5,0.0,403000.0
16005,ID,97516.00833039134,97516.00833039134,3359.72,35733.24,2500.0,1878000.0
16007,ID,7906.7718622355405,7906.7718622355405,0.0,0.0,0.0,1010000.0
16009,ID,306409.14246133575,306409.14246133575,0.0,5318.61,0.0,1968000.0
16011,ID,57037.28034833087,57037.28034833087,0.0,11618.9,0.0,1489000.0
16013,ID,187907.25000145825,187907.25000145825,339109.87,2917995.84,1900000.0,15965000.0
16015,ID,15422.270208761705,15422.270208761705,0.0,35644.71,0.0,8100000.0
16017,ID,225969.6116923234,225969.6116923234,1503.39,44518.03,31000.0,4569500.0
16019,ID,44629.7852519031,44629.7852519031,0.0,1539.9,837000.0,354000.0
16021,ID,475938.8286020997,475938.8286020997,0.0,0.0,2500.0,4582000.0
16023,ID,44739.152741791244,44739.152741791244,0.0,0.0,0.0,533000.0
16025,ID,8648.077870996314,8648.077870996314,0.0,0.0,0.0,0.0
16027,ID,66397.86759667142,66397.86759667142,2465.05,56539.29,0.0,1500000.0
16029,ID,41010.20813457969,41010.20813457969,0.0,8022.55,1500000.0,538000.0
16031,ID,519710.21225048695,519710.21225048695,0.0,0.0,0.0,5425000.0
16033,ID,11388.691332874567,11388.691332874567,0.0,0.0,3000.0,757000.0
16035,ID,84457.31158483398,84457.31158483398,0.0,0.0,510000.0,3005000.0
16037,ID,125044.57854079419,125044.57854079419,0.0,0.0,20000.0,4820000.0
16039,ID,50452.773579505185,50452.773579505185,0.0,101768.67,0.0,127000.0
16041,ID,17292.179275737763,17292.179275737763,0.0,0.0,0.0,1822000.0
16043,ID,6124.855557538066,6124.855557538066,49624.85,40504.89,25000.0,248000.0
16045,ID,235398.09059049102,235398.09059049102,5397.34,11885.29,0.0,1001000.0
16047,ID,69493.11016292985,69493.11016292985,0.0,0.0,0.0,1850000.0
16049,ID,1109177.996241022,1109177.996241022,0.0,0.0,8035000.0,6812000.0
16051,ID,86949.31683535129,86949.31683535129,0.0,0.0,126500.0,3029000.0
16053,ID,2590.9436625724916,2590.9436625724916,0.0,0.0,0.0,10750000.0
16055,ID,341761.023547448,341761.023547448,0.0,182319.19,30500.0,875500.0
16057,ID,205088.20717005097,205088.20717005097,174946.82,337130.28,77250.0,1290500.0
16059,ID,11674.379135893127,11674.379135893127,28470.66,175005.27,300000.0,94500.0
16061,ID,6736.44956547826,6736.44956547826,0.0,0.0,3000.0,100000.0
16063,ID,28190.29927295302,28190.29927295302,0.0,5606.42,0.0,2464500.0
16065,ID,85020.45106221491,85020.45106221491,0.0,1367.33,260000.0,2093000.0
16067,ID,135536.1950545203,135536.1950545203,0.0,21553.8,0.0,6565000.0
16069,ID,122819.9187563799,122819.9187563799,0.0,0.0,2803000.0,681700.0
16071,ID,2765.734469700426,2765.734469700426,0.0,0.0,0.0,346000.0
16073,ID,31949.1585166944,31949.1585166944,0.0,0.0,0.0,0.0
16075,ID,48134.36395683791,48134.36395683791,0.0,169194.44,0.0,1002000.0
16077,ID,44838.45396391357,44838.45396391357,0.0,0.0,20500.0,367000.0
16079,ID,440462.2837927136,440462.2837927136,1883.4,8337.43,40250.0,2140450.0
16081,ID,1019.3338304527609,1019.3338304527609,14064.49,5936.450000000001,300.0,120000.0
16083,ID,150838.68417742953,150838.68417742953,2150.06,13917.310000000001,0.0,2500000.0
16085,ID,25058.082819250005,25058.082819250005,0.0,0.0,0.0,430000.0
16087,ID,309421.91631151544,309421.91631151544,0.0,175625.47,0.0,2142000.0
17001,IL,7160.531432710886,7160.531432710886,0.0,3223721.24,25000.0,43000.0
17003,IL,441290.77008700796,441290.77008700796,31611.64,2276841.39,309000.0,22571000.0
17005,IL,43928.99552089199,43928.99552089199,0.0,280101.27,30000.0,0.0
17007,IL,80645.04198140863,80645.04198140863,0.0,171409.64,0.0,126000.0
17009,IL,549.4407888811612,549.4407888811612,0.0,78348.58,0.0,39000.0
17011,IL,311838.8371093974,311838.8371093974,6359.9,120964.51,0.0,35000.0
17013,IL,733.0783906917735,733.0783906917735,29226.32,3831250.96,50000.0,49000.0
17015,IL,929621.876333135,929621.876333135,0.0,504902.3,0.0,12011000.0
17017,IL,410261.1819688299,410261.1819688299,4729.1,137640.28,14000.0,100000.0
17019,IL,2143847.453203029,2143847.453203029,97034.66,330869.94,0.0,48150000.0
17021,IL,611862.710537705,611862.710537705,3767.49,176319.2,4000.0,7200000.0
17023,IL,369894.92579492053,369894.92579492053,0.0,83583.68,0.0,2000000.0
17025,IL,715192.9396400392,715192.9396400392,7012.7,21568.760000000002,0.0,9020000.0
17027,IL,501492.8675685076,501492.8675685076,79973.62,450981.26,26000.0,0.0
17029,IL,409705.34390970354,409705.34390970354,141139.11,177785.24,0.0,2000000.0
17031,IL,26418870.522615425,26464508.805531025,7247949.58,68686001.55,1048050000.0,355010000.0
17033,IL,618444.7971395045,618444.7971395045,0.0,69907.55,0.0,0.0
17035,IL,177772.81125165598,177772.81125165598,0.0,0.0,0.0,0.0
17037,IL,588139.4613691512,588139.4613691512,38017.59,213538.19,0.0,100000.0
17039,IL,250968.3857821436,250968.3857821436,0.0,15850.74,0.0,5000000.0
17041,IL,371059.59629069467,371059.59629069467,0.0,473165.68,0.0,2200000.0
17043,IL,1114367.6339729854,1114367.6339729854,1914879.33,29000167.42,22000.0,12521000.0
17045,IL,184276.19295567268,184276.19295567268,3151.96,0.0,0.0,250000.0
17047,IL,2635.3273800705283,2635.3273800705283,0.0,0.0,0.0,100000.0
17049,IL,262333.5299970137,262333.5299970137,0.0,3256.67,0.0,375000.0
17051,IL,5035.384149696099,5035.384149696099,0.0,0.0,600000.0,25000.0
17053,IL,11.127313963242086,11.127313963242086,2437.41,1101.13,12200000.0,500000.0
17055,IL,859583.1811226184,859583.1811226184,6166.76,141401.82,20000.0,701000.0
17057,IL,1537463.4622733823,1537463.4622733823,0.0,573799.72,0.0,20400000.0
17059,IL,133435.55339589468,133435.55339589468,0.0,668091.02,59000.0,1069000.0
17061,IL,390.71971185280734,390.71971185280734,17290.62,29872.27,0.0,43000.0
17063,IL,2131939.495943529,2131939.495943529,957599.77,2745163.19,300000.0,15035000.0
17065,IL,72554.68602965167,72554.68602965167,0.0,0.0,286000.0,85000.0
17067,IL,108275.65835976247,108275.65835976247,13202.02,468244.49,0.0,2135000.0
17069,IL,79258.30823199096,79258.30823199096,0.0,150674.77,0.0,334000.0
17071,IL,109815.75687167518,109815.75687167518,72695.78,1657922.18,0.0,975000.0
17073,IL,1769551.9009372476,1769551.9009372476,60000.0,741510.46,0.0,5445000.0
17075,IL,963157.3361772927,963157.3361772927,26440.86,7627466.74,0.0,1510000.0
17077,IL,142776.50719131719,142776.50719131719,650589.3400000001,1003550.17,66000.0,3089000.0
17079,IL,27136.502517650173,27136.502517650173,32000.0,877.96,0.0,40000.0
17081,IL,148502.65907277557,148502.65907277557,56329.93,149635.09,40000.0,440000.0
17083,IL,2042.5854413863303,2042.5854413863303,169656.09,6143970.45,100000.0,49000.0
17085,IL,780083.2419466783,780083.2419466783,8067.49,1912867.31,0.0,16495000.0
17087,IL,91458.12404203272,91458.12404203272,7696.84,0.0,0.0,145000.0
17089,IL,1709565.918656895,1709565.918656895,204309.55,1751147.57,15000.0,700000.0
17091,IL,341254.96186453075,341254.96186453075,142588.09,5269378.89,0.0,1200000.0
17093,IL,267739.65591259976,267739.65591259976,0.0,563704.6,300000.0,0.0
17095,IL,219206.36575337066,219206.36575337066,0.0,169192.24,0.0,40600000.0
17097,IL,819419.0937992163,843791.5389357897,1413666.35,17573450.92,0.0,17995000.0
17099,IL,4075455.0083772936,4075455.0083772936,166018.78,3968334.54,1200000.0,75259000.0
17101,IL,989540.7690875779,989540.7690875779,0.0,167346.85,0.0,0.0
17103,IL,416677.87411938264,416677.87411938264,0.0,59444.53,5000.0,12000.0
17105,IL,703242.2268776589,703242.2268776589,70471.58,82741.83,0.0,10000.0
17107,IL,196639.01923325902,196639.01923325902,0.0,0.0,300000.0,190000.0
17109,IL,7525.052193567918,7525.052193567918,0.0,63145.16,0.0,1326000.0
17111,IL,425424.98349851667,425424.98349851667,478337.8,3894787.01,0.0,3900000.0
17113,IL,233739.66419062397,233739.66419062397,363202.76,272097.8,12006000.0,500000.0
17115,IL,740737.7467417376,740737.7467417376,8982.67,81102.5,0.0,20475000.0
17117,IL,522.5581683345749,522.5581683345749,0.0,21625.98,15000.0,0.0
17119,IL,1914346.3607531595,1914346.3607531595,411220.63999999996,2556859.3,0.0,24802000.0
17121,IL,26586.97671133579,26586.97671133579,13860.62,10137.52,200000.0,0.0
17123,IL,652713.7413636169,652713.7413636169,36535.98,263194.89,25000.0,15650000.0
17125,IL,492518.70752922446,492518.70752922446,0.0,1152502.6,0.0,5000000.0
17127,IL,86794.39786836317,86794.39786836317,0.0,2219164.93,253000.0,3114000.0
17129,IL,254793.76831487007,254793.76831487007,0.0,24785.63,0.0,0.0
17131,IL,513005.5211601283,513005.5211601283,3737.06,0.0,0.0,5625000.0
17133,IL,117.7441740282476,117.7441740282476,344580.88,341122.33,0.0,0.0
17135,IL,28945.08909165349,28945.08909165349,0.0,57234.530000000006,0.0,0.0
17137,IL,1505631.99159613,1505631.99159613,1871.51,963262.09,0.0,150300000.0
17139,IL,71647.37477772048,71647.37477772048,0.0,0.0,0.0,550000.0
17141,IL,203972.79726764077,203972.79726764077,72003.61,1438136.6,16000.0,268000.0
17143,IL,2847638.686956343,2847638.686956343,234819.97,7225423.46,0.0,158000000.0
17145,IL,183661.9677407029,183661.9677407029,26975.94,9739.17,40000.0,115000.0
17147,IL,162356.06765693007,162356.06765693007,0.0,231265.0,0.0,1500000.0
17149,IL,163217.8489016548,163217.8489016548,0.0,758361.4,0.0,83000.0
17151,IL,14530.365228816725,14530.365228816725,0.0,0.0,20000.0,492000.0
17153,IL,46906.78563727804,46906.78563727804,64313.39,35871.16,200000.0,1279000.0
17155,IL,23386.102246873575,23386.102246873575,71970.12,587994.3200000001,0.0,0.0
17157,IL,1132.1729107735011,1132.1729107735011,0.0,288451.8,30000.0,6000.0
17159,IL,201857.98458995667,201857.98458995667,0.0,0.0,0.0,0.0
17161,IL,146480.9003594019,146480.9003594019,946346.6900000001,6441232.72,0.0,1511000.0
17163,IL,701345.3733383198,701345.3733383198,3431009.54,1159256.35,10090000.0,8103000.0
17165,IL,915226.5244017919,915226.5244017919,83706.9,344431.51,1175000.0,360000.0
17167,IL,1863187.6816406557,1863187.6816406557,263426.41000000003,1179011.14,13000.0,36450000.0
17169,IL,266565.612709117,266565.612709117,0.0,76272.63,0.0,2570000.0
17171,IL,52096.73053364051,52096.73053364051,0.0,55973.18,0.0,1150000.0
17173,IL,207302.79174074635,207302.79174074635,0.0,0.0,25000.0,1000000.0
17175,IL,163696.450870913,163696.450870913,0.0,0.0,0.0,14000000.0
17177,IL,1008834.573247591,1008834.573247591,526931.1,2650737.19,0.0,10000000.0
17179,IL,3391256.88528733,3391256.88528733,143080.4,464957.57,0.0,53340000.0
17181,IL,85761.89452031259,85761.89452031259,0.0,110476.65,100000.0,3375000.0
17183,IL,258644.2562904345,258644.2562904345,9418.85,945336.78,0.0,3000000.0
17185,IL,41257.722114328004,41257.722114328004,0.0,0.0,29000.0,625000.0
17187,IL,183465.55480291785,183465.55480291785,5247.07,16874.43,0.0,0.0
17189,IL,37834.63327201304,37834.63327201304,90893.39,51240.23,50000.0,0.0
17191,IL,22391.264331884297,22391.264331884297,0.0,51699.520000000004,82000.0,365000.0
17193,IL,142822.02718589385,142822.02718589385,215013.92,856216.64,35000.0,1598000.0
17195,IL,327863.0200294236,327863.0200294236,83161.07,485037.93,0.0,2315000.0
17197,IL,1705516.9287960883,1705516.9287960883,870934.5,4485254.11,2500000.0,1001000.0
17199,IL,124563.57425368967,124563.57425368967,62949.149999999994,359711.95,130000.0,240000.0
17201,IL,2480677.6395694274,2480677.6395694274,1587946.73,5571186.97,2530000.0,1932000.0
17203,IL,1395866.8552836257,1395866.8552836257,356489.79000000004,2379013.87,10000000.0,34810000.0
18001,IN,172079.13021164725,172079.13021164725,3906.76,112397.43000000001,0.0,0.0
18003,IN,781227.8818545253,781227.8818545253,151275.56,4677961.13,21000.0,300000.0
18005,IN,6499214.187699532,6499214.187699532,1319864.81,434885.06,625000.0,129200.0
18007,IN,33636.38978782925,33636.38978782925,0.0,0.0,0.0,5000.0
18009,IN,12143.290036475497,12143.290036475497,0.0,0.0,0.0,0.0
18011,IN,42690.61614075389,42690.61614075389,0.0,593540.99,21000.0,108250.0
18013,IN,43406.48327222628,43406.48327222628,605412.64,2158641.27,725000.0,136000.0
18015,IN,1490916.7320981035,1490916.7320981035,2439.72,3785210.33,10000.0,47250.0
18017,IN,149314.53685805688,149314.53685805688,0.0,339992.34,0.0,1000000.0
18019,IN,859194.9484926476,859194.9484926476,4743732.26,5904748.37,0.0,122000.0
18021,IN,1613195.04590344,1613195.04590344,70231.19,139135.71000000002,101000.0,34000.0
18023,IN,66740.17503709857,66740.17503709857,0.0,257714.21000000002,10000.0,11750.0
18025,IN,1229095.1575864991,1229095.1575864991,0.0,658157.5,0.0,4015000.0
18027,IN,488816.1316029752,488816.1316029752,124528.79000000001,0.0,330000.0,111000.0
18029,IN,350641.90091728285,350641.90091728285,234674.95,507540.83999999997,120000.0,105000.0
18031,IN,13461.000623053395,13461.000623053395,267676.58,14402.76,30000.0,95000.0
18033,IN,51671.69278597292,51671.69278597292,68309.61,0.0,1000.0,50000.0
18035,IN,674056.0997779181,674056.0997779181,6743.75,1215326.47,127000.0,256000.0
18037,IN,1036140.7210925467,1036140.7210925467,143804.09,233128.94,15000.0,58000.0
18039,IN,193281.8829590489,193281.8829590489,37694.1,2574615.17,1000.0,1200000.0
18041,IN,80931.14890268868,80931.14890268868,535.91,72272.01,38000.0,138000.0
18043,IN,734404.2031809366,734404.2031809366,942291.9400000001,1091708.59,0.0,10000.0
18045,IN,224772.49433802906,224772.49433802906,0.0,21406.89,520000.0,25000.0
18047,IN,126395.15393336827,126395.15393336827,188489.5,139396.61000000002,1347000.0,506000.0
18049,IN,42258.80737667439,42258.80737667439,9675.27,271118.5,0.0,250000.0
18051,IN,103866.6438611856,103866.6438611856,4107.43,282859.07,270000.0,2486000.0
18053,IN,110939.96928211467,110939.96928211467,0.0,710140.08,0.0,1000000.0
18055,IN,1719258.3421460316,1719258.3421460316,25771.94,10130.6,60000.0,74600.0
18057,IN,1164086.595909702,1164086.595909702,39629.82,1548789.1,406000.0,203500.0
18059,IN,165281.76412886393,165281.76412886393,14112.38,436617.72,85000.0,53500.0
18061,IN,1291005.0111804446,1291005.0111804446,4768657.67,2202767.53,150000.0,30000.0
18063,IN,124423.58109156496,124423.58109156496,34298.09,466570.03,500000.0,94250.0
18065,IN,14226.731565592554,14226.731565592554,13451.73,50301.34,55000.0,19000.0
18067,IN,1581276.6115158226,1581276.6115158226,647351.73,5561057.5200000005,150000.0,340500.0
18069,IN,365828.2005201387,365828.2005201387,0.0,668989.0599999999,0.0,250000.0
18071,IN,2061775.0846422971,2061775.0846422971,32473.589999999997,287587.39,88000.0,191100.0
18073,IN,822141.1921486058,822141.1921486058,23922.55,784544.1,0.0,288000.0
18075,IN,105013.72214327163,105013.72214327163,0.0,502851.23,2000.0,1500000.0
18077,IN,878690.2244600602,878690.2244600602,2099444.77,1739145.77,200000.0,130000.0
18079,IN,38965.640436988484,38965.640436988484,0.0,21136.02,170000.0,22750.0
18081,IN,4593915.002129517,4593915.002129517,191514.16,907157.0499999999,50000.0,130950.0
18083,IN,774400.3848114179,774400.3848114179,147022.23,239334.47999999998,271000.0,118250.0
18085,IN,107858.8044894409,107858.8044894409,258568.45,783504.83,1000.0,56000.0
18087,IN,25015.88873175226,25015.88873175226,0.0,488454.69,0.0,54000.0
18089,IN,2867090.422875489,2893860.253174014,100022.32,1473093.37,14000000.0,75000.0
18091,IN,198912.19327934453,216890.08468392826,8124.26,98064.39,5000.0,500000.0
18093,IN,723469.7945707435,723469.7945707435,179287.46,102737.51,570000.0,62000.0
18095,IN,592724.4226841966,592724.4226841966,34082.09,1089455.19,11000.0,102500.0
18097,IN,779583.058021708,779583.058021708,513033.26,5402706.96,548000.0,408000.0
18099,IN,81738.87783409326,81738.87783409326,0.0,729498.27,6000.0,1200000.0
18101,IN,399232.15279601567,399232.15279601567,76102.58,3648.5,90000.0,32000.0
18103,IN,193069.743942913,193069.743942913,0.0,162448.83,0.0,0.0
18105,IN,252768.3010673722,252768.3010673722,2636261.35,893364.24,27200000.0,221000.0
18107,IN,13833.897973064064,13833.897973064064,3030.23,309433.09,0.0,17500.0
18109,IN,3077085.61055734,3077085.61055734,85050.77,743790.9400000001,227000.0,210750.0
18111,IN,211709.0243298372,211709.0243298372,139177.91,175418.46000000002,0.0,1000.0
18113,IN,15723.841067596892,15723.841067596892,45941.869999999995,1212216.83,0.0,0.0
18115,IN,112764.19094074251,112764.19094074251,0.0,17124.91,55000.0,1000.0
18117,IN,230975.2886196248,230975.2886196248,0.0,143999.58,0.0,0.0
18119,IN,2365375.9513353347,2365375.9513353347,407871.32,26399.129999999997,20100000.0,36500.0
18121,IN,153293.21157586513,153293.21157586513,138121.21000000002,124931.56000000001,60000.0,49000.0
18123,IN,1148009.9932879605,1148009.9932879605,54306.75,165144.01,20000.0,0.0
18125,IN,242818.2080714209,242818.2080714209,0.0,0.0,110000.0,1344000.0
18127,IN,705388.461565637,723039.8840099438,49551.72,501305.33,0.0,13976000.0
18129,IN,130857.49982800175,130857.49982800175,106462.06999999999,1393475.36,80000.0,1055000.0
18131,IN,27842.23918495383,27842.23918495383,0.0,554731.78,0.0,38000.0
18133,IN,91319.46229274091,91319.46229274091,0.0,226526.75000000003,145000.0,15500.0
18135,IN,131487.80160787448,131487.80160787448,64307.03,36808.25,15000.0,17100.0
18137,IN,178004.35946222048,178004.35946222048,53951.5,21696.260000000002,24000.0,79000.0
18139,IN,20802.5283805243,20802.5283805243,702.06,26437.15,305000.0,32000.0
18141,IN,532828.948813328,532828.948813328,2408.72,876133.24,21000.0,6200000.0
18143,IN,60951.478103442365,60951.478103442365,144841.97999999998,0.0,0.0,100000.0
18145,IN,41183.74146725997,41183.74146725997,492745.31,1216571.78,60000.0,65000.0
18147,IN,165995.59125093737,165995.59125093737,185110.07,15158.37,30000.0,400000.0
18149,IN,66537.90156965605,66537.90156965605,0.0,276270.71,0.0,1200000.0
18151,IN,23156.63225102268,23156.63225102268,0.0,8805.779999999999,0.0,0.0
18153,IN,160678.57933709238,160678.57933709238,0.0,42214.64,119000.0,55000.0
18155,IN,195765.00003445006,195765.00003445006,461070.12,246160.24,18052000.0,35000.0
18157,IN,754208.3546963114,754208.3546963114,0.0,1305708.18,0.0,588750.0
18159,IN,496093.48608021665,496093.48608021665,0.0,1153241.1400000001,10000.0,10100.0
18161,IN,11252.641926743941,11252.641926743941,0.0,23455.01,0.0,81000.0
18163,IN,295435.7794186298,295435.7794186298,784237.95,2590176.45,292000.0,1960000.0
18165,IN,230243.38695624348,230243.38695624348,0.0,16100.0,2000.0,10000.0
18167,IN,2097036.4111248339,2097036.4111248339,242980.2,908254.97,191000.0,58000.0
18169,IN,829609.5901831142,829609.5901831142,10240.96,349542.38,0.0,250000.0
18171,IN,231708.28497470362,231708.28497470362,0.0,0.0,0.0,26000.0
18173,IN,331460.76207543386,331460.76207543386,57921.45,174272.55,165000.0,211000.0
18175,IN,544358.305373271,544358.305373271,4975.15,802788.47,0.0,45000.0
18177,IN,156175.78998673576,156175.78998673576,3670.67,119956.83,14000.0,80000.0
18179,IN,185194.5448582092,185194.5448582092,0.0,234819.06,0.0,0.0
18181,IN,242827.49411153622,242827.49411153622,44844.3,918503.78,0.0,230000.0
18183,IN,45291.44962832165,45291.44962832165,46887.34,5427.54,325500.0,100000.0
19001,IA,321955.6012202844,321955.6012202844,0.0,0.0,15000.0,20210000.0
19003,IA,262730.55121651926,262730.55121651926,0.0,0.0,0.0,21420000.0
19005,IA,624690.9263889989,624690.9263889989,17250.71,83751.79000000001,207000.0,7478000.0
19007,IA,214979.7449571968,214979.7449571968,0.0,0.0,0.0,22865000.0
19009,IA,208134.9572596863,208134.9572596863,0.0,0.0,0.0,20140000.0
19011,IA,955128.0950441401,955128.0950441401,4133.79,779898.26,0.0,360000.0
19013,IA,878573.3490647669,878573.3490647669,55008.72,5826433.98,0.0,32620000.0
19015,IA,215380.62916439553,215380.62916439553,0.0,253525.53999999998,0.0,20445000.0
19017,IA,438469.73170473345,438469.73170473345,133589.26,641504.22,0.0,23480000.0
19019,IA,459929.35631534306,459929.35631534306,2708.56,458986.03,0.0,5410000.0
19021,IA,24.068106927917206,24.068106927917206,0.0,0.0,3001000.0,3700000.0
19023,IA,657365.1814712256,657365.1814712256,10156.29,2478223.75,0.0,29440000.0
19025,IA,411048.3029658501,411048.3029658501,0.0,0.0,0.0,20480000.0
19027,IA,343384.6956653221,343384.6956653221,0.0,3405.45,0.0,20555000.0
19029,IA,814421.1688420771,814421.1688420771,0.0,5041.780000000001,0.0,20310000.0
19031,IA,548359.3759315676,548359.3759315676,0.0,448343.47000000003,0.0,525000.0
19033,IA,511948.07805647387,511948.07805647387,0.0,77604.14,0.0,22695000.0
19035,IA,293463.8932552116,293463.8932552116,736940.66,810742.74,1020000.0,5490000.0
19037,IA,614389.678589592,614389.678589592,70990.64,177563.51,3195000.0,6382000.0
19039,IA,241442.41731077604,241442.41731077604,0.0,0.0,0.0,21865000.0
19041,IA,323435.810244043,323435.810244043,5443688.2,15516.27,25590000.0,4520000.0
19043,IA,2798637.8714423385,2798637.8714423385,114515.23999999999,659826.57,596000.0,16178800.0
19045,IA,1544073.3931009884,1544073.3931009884,37572.21,509509.74,0.0,1920000.0
19047,IA,1448320.1147606352,1448320.1147606352,0.0,811.98,0.0,20975000.0
19049,IA,687947.1342445401,687947.1342445401,256000.0,132572.22,0.0,29030000.0
19051,IA,224597.44892376833,224597.44892376833,0.0,0.0,0.0,20950000.0
19053,IA,322068.8034858395,322068.8034858395,0.0,8666.88,0.0,21790000.0
19055,IA,1693824.9348853182,1693824.9348853182,25669.78,2277981.85,0.0,51306000.0
19057,IA,934062.5414370293,934062.5414370293,384655.48,3708055.46,0.0,5683000.0
19059,IA,18.73582210450633,18.73582210450633,255727.16,55300.439999999995,1900000.0,3200000.0
19061,IA,1769828.2817645739,1769828.2817645739,141874.83000000002,1103062.31,0.0,9754000.0
19063,IA,210994.71708022052,210994.71708022052,37277.41,29016.34,10000000.0,25750000.0
19065,IA,1471049.5540750278,1471049.5540750278,102009.23,401709.14,4070000.0,17937000.0
19067,IA,675530.6777768537,675530.6777768537,63114.61,535519.28,687000.0,7235000.0
19069,IA,521172.1843183319,521172.1843183319,0.0,41005.579999999994,0.0,46860000.0
19071,IA,1880954.843070418,1880954.843070418,0.0,10064516.08,0.0,157032000.0
19073,IA,285272.48664868553,285272.48664868553,0.0,5504.64,0.0,20625000.0
19075,IA,347167.5180144545,347167.5180144545,0.0,26135.89,0.0,22220000.0
19077,IA,215956.1470025018,215956.1470025018,0.0,133126.94,0.0,21230000.0
19079,IA,305412.0317197313,305412.0317197313,0.0,108499.86,0.0,22465000.0
19081,IA,221350.20827090973,221350.20827090973,0.0,0.0,0.0,20335000.0
19083,IA,438607.7410151402,438607.7410151402,22171.449999999997,149311.75,0.0,20833000.0
19085,IA,1556531.5924993695,1556531.5924993695,49002.97,1030852.15,756950.0,9390000.0
19087,IA,336425.13485435053,336425.13485435053,0.0,0.0,0.0,510000.0
19089,IA,408594.8312589688,408594.8312589688,12207.89,19640.66,230000.0,695000.0
19091,IA,367597.5792149115,367597.5792149115,0.0,45366.84,88000.0,24340000.0
19093,IA,245.53059998929933,245.53059998929933,0.0,19754.98,0.0,1480000.0
19095,IA,195923.11377782054,195923.11377782054,0.0,221874.38,0.0,1700000.0
19097,IA,406929.8842505514,406929.8842505514,0.0,249268.46000000002,0.0,2753000.0
19099,IA,403908.2257857447,403908.2257857447,647912.1900000001,633196.13,0.0,22605000.0
19101,IA,65007.86994223101,65007.86994223101,0.0,0.0,0.0,350000.0
19103,IA,14305856.320282903,14305856.320282903,0.0,605773.84,0.0,2475000.0
19105,IA,1594346.1721554194,1594346.1721554194,0.0,2079271.05,0.0,28100000.0
19107,IA,785996.2794982877,785996.2794982877,0.0,0.0,0.0,2120000.0
19109,IA,781065.0889917878,781065.0889917878,0.0,21558.0,128000.0,43215000.0
19111,IA,557718.2328602633,557718.2328602633,15082.220000000001,570597.6,0.0,4714000.0
19113,IA,31026808.389585145,31026808.389585145,40309.310000000005,3652603.2,0.0,2467000.0
19115,IA,1691159.6343868147,1691159.6343868147,0.0,344418.01,0.0,3925000.0
19117,IA,215390.4180343864,215390.4180343864,0.0,0.0,0.0,23665000.0
19119,IA,697084.059822646,697084.059822646,421431.01,1156890.85,13200000.0,9105000.0
19121,IA,286255.17425083293,286255.17425083293,0.0,87882.47,200000.0,22255000.0
19123,IA,531659.2287150346,531659.2287150346,0.0,27754.519999999997,0.0,29345000.0
19125,IA,542417.6511235825,542417.6511235825,0.0,106026.86,0.0,24397000.0
19127,IA,970270.1637433458,970270.1637433458,0.0,140425.28,0.0,26165000.0
19129,IA,163479.40555171296,163479.40555171296,0.0,5816710.57,97000.0,5109000.0
19131,IA,696699.9554097633,696699.9554097633,172178.96000000002,38112.299999999996,3450000.0,25213000.0
19133,IA,22.592762808806196,22.592762808806196,109205.76000000001,476029.43000000005,1498600.0,9327000.0
19135,IA,170096.3564087432,170096.3564087432,0.0,0.0,0.0,23365000.0
19137,IA,430362.3770088112,430362.3770088112,1830.64,39552.44,0.0,326000.0
19139,IA,678837.7273822818,678837.7273822818,57121.1,1212622.62,0.0,570000.0
19141,IA,2920861.5334279104,2920861.5334279104,121940.31,22533.65,2250000.0,2020000.0
19143,IA,3139576.1959683327,3139576.1959683327,21352.379999999997,0.0,2150000.0,6220000.0
19145,IA,389340.31329069077,389340.31329069077,0.0,1150.82,0.0,66000.0
19147,IA,2009142.6794888051,2009142.6794888051,29869.67,7833.67,721000.0,21555000.0
19149,IA,21.112489736382038,21.112489736382038,375065.04000000004,230042.4,1583000.0,5535000.0
19151,IA,445444.35188997374,445444.35188997374,0.0,0.0,0.0,20160000.0
19153,IA,1896282.398926353,1896282.398926353,58145.02,16419625.4,40000.0,41713000.0
19155,IA,411342.0431315668,411342.0431315668,775285.36,8249538.5,722250.0,14623000.0
19157,IA,277684.2009202131,277684.2009202131,0.0,0.0,0.0,21595000.0
19159,IA,205454.8960063035,205454.8960063035,0.0,0.0,0.0,20865000.0
19161,IA,0.07934880252239054,0.07934880252239054,0.0,0.0,0.0,20635000.0
19163,IA,1258620.0979966777,1258620.0979966777,1612820.42,11558049.59,0.0,2025000.0
19165,IA,28523.556866338684,28523.556866338684,0.0,0.0,0.0,50000.0
19167,IA,3895.164708942104,3895.164708942104,3787663.57,178481.57,8155000.0,5130000.0
19169,IA,1360321.7516058132,1360321.7516058132,201.96,8283560.21,0.0,76840000.0
19171,IA,315979.80638646433,315979.80638646433,101694.24,435036.16,400000.0,21030000.0
19173,IA,256900.3768513786,256900.3768513786,0.0,14010.54,0.0,20235000.0
19175,IA,285804.14756255934,285804.14756255934,0.0,11923.77,0.0,21515000.0
19177,IA,151159.13724807423,151159.13724807423,0.0,16321.86,0.0,1567000.0
19179,IA,435300.7389919853,435300.7389919853,0.0,830108.03,0.0,28675000.0
19181,IA,708662.1662939618,708662.1662939618,0.0,122008.69999999998,0.0,29755000.0
19183,IA,1572575.6272728662,1572575.6272728662,0.0,166848.01,0.0,3710000.0
19185,IA,176341.8977085946,176341.8977085946,0.0,0.0,0.0,21095000.0
19187,IA,603339.5624885281,603339.5624885281,0.0,2054956.4100000001,0.0,32030000.0
19189,IA,311722.55647246796,311722.55647246796,0.0,0.0,0.0,20095000.0
19191,IA,1059883.7401627784,1059883.7401627784,3758.9500000000003,353090.51,138000.0,7437000.0
19193,IA,1652129.944461065,1652129.944461065,673780.66,317096.8,4130000.0,9905000.0
19195,IA,277696.9410257001,277696.9410257001,0.0,4388.01,0.0,21510000.0
19197,IA,570594.8345248145,570594.8345248145,2368.61,0.0,0.0,24330000.0
20001,KS,488423.29543823865,488423.29543823865,291090.57,306600.73,400.0,765300.0
20003,KS,174047.81452481123,174047.81452481123,0.0,0.0,71000.0,0.0
20005,KS,92010.48893304165,92010.48893304165,0.0,15391.41,0.0,400000.0
20007,KS,2116.785577066056,2116.785577066056,0.0,0.0,0.0,0.0
20009,KS,3673646.6006870056,3673646.6006870056,0.0,68906.86,120000.0,487000.0
20011,KS,220869.77316127578,220869.77316127578,0.0,16824.809999999998,0.0,5000.0
20013,KS,0.8171925506349236,0.8171925506349236,0.0,0.0,0.0,0.0
20015,KS,1206529.4328408672,1206529.4328408672,2368360.65,1430464.06,2000600.0,45700.0
20017,KS,369784.053398658,369784.053398658,12513.4,0.0,0.0,1500.0
20019,KS,21036.774180207274,21036.774180207274,0.0,0.0,0.0,1400.0
20021,KS,360017.5022674515,360017.5022674515,2151.61,877574.14,0.0,1655000.0
20023,KS,44121.59740070956,44121.59740070956,0.0,0.0,2400.0,77000.0
20025,KS,1760.3293977126652,1760.3293977126652,0.0,0.0,0.0,0.0
20027,KS,162054.8919551125,162054.8919551125,0.0,10745.65,30000.0,0.0
20029,KS,119853.91631188036,119853.91631188036,35000.0,0.0,0.0,0.0
20031,KS,3449.1710750686525,3449.1710750686525,0.0,134622.11,153500.0,0.0
20033,KS,2833.6428382863087,2833.6428382863087,0.0,0.0,0.0,0.0
20035,KS,1354100.474690252,1354100.474690252,0.0,571737.0599999999,200.0,38600.0
20037,KS,74497.41055908435,74497.41055908435,35968.659999999996,234944.65,100000.0,252000.0
20039,KS,54562.240565376436,54562.240565376436,0.0,0.0,0.0,0.0
20041,KS,337746.0064672084,337746.0064672084,0.0,21272.86,0.0,0.0
20043,KS,28100.560985808937,28100.560985808937,102344.12999999999,185571.31,0.0,200000.0
20045,KS,510496.93685564364,510496.93685564364,3437.31,1169599.23,41000.0,550000.0
20047,KS,38085.42496978226,38085.42496978226,0.0,0.0,0.0,0.0
20049,KS,59638.72983051642,59638.72983051642,0.0,0.0,0.0,400.0
20053,KS,505218.3515602924,505218.3515602924,0.0,0.0,400.0,2300.0
20055,KS,127485.87468601264,127485.87468601264,1529.14,24129.690000000002,0.0,0.0
20057,KS,455229.5618971861,455229.5618971861,0.0,41967.04,0.0,5000.0
20059,KS,308013.24194328516,308013.24194328516,0.0,486067.56,90000.0,205000.0
20061,KS,342070.99142989673,342070.99142989673,11250.99,33131.090000000004,0.0,0.0
20065,KS,54513.68741899801,54513.68741899801,0.0,0.0,12130.0,716000.0
20069,KS,10542.637131748515,10542.637131748515,0.0,0.0,0.0,0.0
20073,KS,70325.76435500942,70325.76435500942,12789.71,0.0,0.0,117100.0
20075,KS,40093.81542546589,40093.81542546589,0.0,0.0,0.0,0.0
20077,KS,477776.0461390502,477776.0461390502,0.0,0.0,0.0,2900.0
20079,KS,265678.76349284523,265678.76349284523,0.0,403310.77,0.0,7000.0
20083,KS,15036.986660835842,15036.986660835842,0.0,0.0,0.0,3000000.0
20085,KS,120885.58088436737,120885.58088436737,0.0,0.0,0.0,0.0
20087,KS,361693.3685759964,361693.3685759964,0.0,538385.98,30000.0,0.0
20089,KS,12898.427205577627,12898.427205577627,0.0,0.0,150000.0,6410000.0
20091,KS,847531.9985741485,847531.9985741485,992026.72,4115888.0300000003,10000.0,0.0
20093,KS,28429.278077179522,28429.278077179522,0.0,0.0,0.0,0.0
20095,KS,29356.11946837737,29356.11946837737,0.0,986609.08,0.0,202600.0
20097,KS,7339.371472568316,7339.371472568316,0.0,0.0,10000.0,0.0
20099,KS,165073.10104376113,165073.10104376113,596642.08,44170.96,400.0,1000.0
20103,KS,626865.7968199269,626865.7968199269,45121.47,756979.2,0.0,500.0
20105,KS,6.727306407106907,6.727306407106907,3294.52,1275.89,1200.0,10400.0
20107,KS,828903.1609149191,828903.1609149191,9184.279999999999,0.0,0.0,0.0
20109,KS,946.7677124346377,946.7677124346377,0.0,0.0,0.0,220000.0
20111,KS,382855.05029808707,382855.05029808707,30167.940000000002,80740.22,40000.0,0.0
20113,KS,95686.85762276611,95686.85762276611,175239.33000000002,83502.84,200.0,22500.0
20115,KS,197782.01132600062,197782.01132600062,104098.5,150976.14,0.0,371800.0
20117,KS,19501.864516498143,19501.864516498143,0.0,10657.09,20000.0,0.0
20119,KS,24135.890183614054,24135.890183614054,0.0,0.0,0.0,1000000.0
20121,KS,580268.1406461544,580268.1406461544,0.0,505430.09,0.0,0.0
20123,KS,414721.3460017147,414721.3460017147,0.0,85421.55,125000.0,1380000.0
20125,KS,1569344.7150849737,1569344.7150849737,0.0,581172.02,15900.0,141800.0
20127,KS,281.4103539079316,281.4103539079316,0.0,0.0,0.0,0.0
20129,KS,3134.856055302724,3134.856055302724,0.0,0.0,0.0,0.0
20131,KS,0.08918301849161808,0.08918301849161808,10906.2,26036.1,40000.0,0.0
20133,KS,1034974.7721785166,1034974.7721785166,64825.71,290182.5,30000.0,101200.0
20135,KS,66741.77096224301,66741.77096224301,0.0,0.0,0.0,0.0
20137,KS,98880.90429622305,98880.90429622305,0.0,0.0,5000.0,0.0
20139,KS,236446.13492274456,236446.13492274456,10793.38,29941.17,0.0,0.0
20141,KS,81044.31108142101,81044.31108142101,0.0,0.0,2000000.0,4340000.0
20143,KS,430924.0310437211,430924.0310437211,58412.54,6788.51,4790000.0,0.0
20145,KS,7431.904027274693,7431.904027274693,0.0,0.0,0.0,0.0
20147,KS,7897.637580804377,7897.637580804377,0.0,0.0,100000.0,1295000.0
20149,KS,106739.55168249542,106739.55168249542,0.0,135246.32,60250.0,0.0
20151,KS,160826.43931590914,160826.43931590914,0.0,0.0,5000.0,2500000.0
20153,KS,49044.063688172995,49044.063688172995,0.0,0.0,50000.0,17500.0
20155,KS,1607520.6469440374,1607520.6469440374,65689.61,655376.6900000001,0.0,1818200.0
20157,KS,383012.34141838615,383012.34141838615,0.0,40706.28,0.0,0.0
20159,KS,22.45901591096856,22.45901591096856,0.0,71932.16,0.0,268800.0
20161,KS,1443327.6629582304,1443327.6629582304,51247.32,6960133.34,95500.0,17220000.0
20163,KS,21461.80441321831,21461.80441321831,0.0,0.0,1250000.0,1097000.0
20165,KS,1277.8768959883625,1277.8768959883625,0.0,7611.91,0.0,0.0
20167,KS,7756.0069869079425,7756.0069869079425,0.0,0.0,1000.0,101100.0
20169,KS,547557.2747943489,547557.2747943489,6537.09,59676.08,2500.0,342800.0
20173,KS,498279.986966788,498279.986966788,1505677.73,1684804.07,41900.0,1798200.0
20175,KS,157521.01742228033,157521.01742228033,0.0,64393.130000000005,0.0,0.0
20177,KS,922991.7854055307,922991.7854055307,173535.88,467978.67000000004,60000.0,0.0
20179,KS,5447.006531689765,5447.006531689765,0.0,0.0,13010.0,0.0
20181,KS,1939.6811629701704,1939.6811629701704,0.0,0.0,20.0,1000.0
20183,KS,2083.9641630536244,2083.9641630536244,0.0,0.0,100000.0,4660000.0
20185,KS,1740.5088628025674,1740.5088628025674,0.0,0.0,0.0,0.0
20191,KS,216015.51430452883,216015.51430452883,12918.48,1438915.98,0.0,2463000.0
20193,KS,9576.508126356106,9576.508126356106,0.0,0.0,6510.0,29000.0
20197,KS,75276.45873840942,75276.45873840942,0.0,7229.07,0.0,0.0
20199,KS,15751.86507757551,15751.86507757551,0.0,0.0,10000.0,0.0
20201,KS,98340.52668848366,98340.52668848366,1760.87,0.0,10000.0,0.0
20205,KS,724925.7957702732,724925.7957702732,320220.18,559444.3099999999,200.0,52600.0
20207,KS,2569.502535707294,2569.502535707294,0.0,0.0,0.0,1400.0
20209,KS,527312.5166887493,527312.5166887493,786158.6,260793.33000000002,0.0,0.0
21001,KY,41971.21801809722,41971.21801809722,0.0,37185.79,10000.0,100000.0
21003,KY,57588.00330089817,57588.00330089817,61805.69,439917.08,0.0,65000.0
21005,KY,137399.53217219483,137399.53217219483,824375.42,199931.89,0.0,180000.0
21007,KY,93849.33103020421,93849.33103020421,43727.71,391723.01,754000.0,3315000.0
21009,KY,53563.12453109225,53563.12453109225,172745.42,1536.06,0.0,35000.0
21011,KY,514580.7994120351,514580.7994120351,23230.0,1009946.27,31000.0,56100.0
21013,KY,1953970.2636790809,1953970.2636790809,1155408.08,3264228.76,4067200.0,1149260.0
21015,KY,221536.32540445463,221536.32540445463,42301.05,58666.9,5000.0,91000.0
21017,KY,364790.1474199183,364790.1474199183,200314.46000000002,3489104.15,0.0,265000.0
21019,KY,873861.227055742,873861.227055742,845356.1799999999,1822144.53,46350.0,2655000.0
21021,KY,52618.73731030979,52618.73731030979,86704.83,71197.27,0.0,67000.0
21023,KY,172154.99293906154,172154.99293906154,40088.869999999995,83237.4,20000.0,481000.0
21025,KY,867188.564662428,867188.564662428,6220949.66,9124.64,146000.0,146000.0
21027,KY,1630065.4841290845,1630065.4841290845,0.0,239182.36000000002,0.0,10000.0
21029,KY,1438461.3940448505,1438461.3940448505,1690429.53,596012.7,20000.0,1477000.0
21031,KY,79365.28240282221,79365.28240282221,326992.51,59602.79,0.0,270000.0
21033,KY,89773.58152805286,89773.58152805286,34255.7,59938.8,30000.0,758000.0
21035,KY,255606.1670554453,255606.1670554453,591366.0,492660.54,3770000.0,418000.0
21037,KY,73435.63608076035,73435.63608076035,1089059.93,1445484.2,90000.0,126000.0
21039,KY,299053.72814512183,299053.72814512183,12820.49,0.0,1450000.0,360000.0
21041,KY,140507.59775699096,140507.59775699096,923160.72,178102.49,26000.0,134000.0
21043,KY,2105529.34548223,2105529.34548223,178456.36000000002,4691425.47,122750.0,19893000.0
21045,KY,99556.62961268009,99556.62961268009,1120856.71,1862402.66,260000.0,125000.0
21047,KY,2689827.732955709,2689827.732955709,4432762.68,528881.49,545000.0,192000.0
21049,KY,126844.85326141986,126844.85326141986,3185585.69,1163998.86,5000.0,100000.0
21051,KY,64042.98711769634,64042.98711769634,439140.44999999995,44006.17,150400.0,123610.0
21053,KY,38051.33440202503,38051.33440202503,0.0,0.0,0.0,100000.0
21055,KY,395841.1006074699,395841.1006074699,55000.0,311561.08,150000.0,670000.0
21057,KY,29538.05118952415,29538.05118952415,0.0,109090.76,0.0,100000.0
21059,KY,1237600.5967825796,1237600.5967825796,1124073.19,1016526.54,260000.0,5521000.0
21061,KY,276878.2487045958,276878.2487045958,0.0,0.0,0.0,105000.0
21063,KY,243068.123193195,243068.123193195,0.0,0.0,0.0,74100.0
21065,KY,461750.50702132477,461750.50702132477,1021188.48,34782.28,8100.0,75500.0
21067,KY,156324.98250910232,156324.98250910232,708085.78,989384.75,10000.0,213000.0
21069,KY,547593.0973236008,547593.0973236008,1103.66,597720.86,200.0,2146000.0
21071,KY,4804001.16526715,4804001.16526715,15516444.07,2507858.54,375800.0,1233800.0
21073,KY,477996.03983446595,477996.03983446595,14615464.1,6079844.58,0.0,1025000.0
21075,KY,141138.12537124028,141138.12537124028,275692.02,33910.71,2195000.0,1235000.0
21077,KY,74272.83800717467,74272.83800717467,277831.24,121295.44,113000.0,43000.0
21079,KY,137186.16115920318,137186.16115920318,751342.91,186738.34999999998,0.0,70000.0
21081,KY,76827.99169843635,76827.99169843635,0.0,0.0,0.0,69500.0
21083,KY,1012870.0296547832,1012870.0296547832,440745.87,69199.23000000001,3080000.0,4575000.0
21085,KY,70853.59897154645,70853.59897154645,155835.31,0.0,45000.0,265000.0
21087,KY,43251.202435666186,43251.202435666186,205081.61000000002,0.0,0.0,0.0
21089,KY,861364.0211204216,861364.0211204216,3102452.35,3904893.46,68000.0,4653500.0
21091,KY,2359007.781017913,2359007.781017913,22215.53,3783.59,0.0,0.0
21093,KY,2874735.4572628383,2874735.4572628383,4048889.63,3199214.87,123000.0,1270000.0
21095,KY,229540.794185984,229540.794185984,192867.18,203321.81,5010000.0,2238000.0
21097,KY,539013.9653531242,539013.9653531242,236615.28,433663.09,30000.0,103000.0
21099,KY,131791.63556306926,131791.63556306926,37892.78,183713.32,10000.0,60000.0
21101,KY,1598192.0097513024,1598192.0097513024,1666290.96,1288352.29,202000.0,9140000.0
21103,KY,96944.98147430642,96944.98147430642,169024.41,84006.84,0.0,85000.0
21105,KY,24249.505513825097,24249.505513825097,0.0,0.0,422000.0,175000.0
21107,KY,651984.5019085546,651984.5019085546,751989.17,272785.3,297000.0,1068000.0
21109,KY,22484.035895855654,22484.035895855654,55930.39,26419.18,92000.0,36000.0
21111,KY,12678522.462258898,12678522.462258898,14656322.4,36767819.95,260000.0,2096000.0
21113,KY,154252.49324536545,154252.49324536545,1620341.72,1415016.85,0.0,710000.0
21115,KY,884209.9908337102,884209.9908337102,1249849.07,2514202.08,0.0,6577000.0
21117,KY,133857.74428463393,133857.74428463393,752158.92,448532.28,31000.0,154000.0
21119,KY,187630.56427332558,187630.56427332558,5801544.09,59524.68,25200.0,329000.0
21121,KY,276503.34455226787,276503.34455226787,295302.45,84536.65,2550200.0,3972000.0
21123,KY,51726.015724800585,51726.015724800585,0.0,141673.29,0.0,0.0
21125,KY,16213.303170850179,16213.303170850179,1101893.91,28637.89,56200.0,20500.0
21127,KY,425280.926677034,425280.926677034,19394.68,221388.83000000002,51400.0,1890500.0
21129,KY,401361.8854053962,401361.8854053962,1236320.82,0.0,1000.0,1008000.0
21131,KY,98419.61774915994,98419.61774915994,26631.38,30934.92,330500.0,214150.0
21133,KY,286111.55028538743,286111.55028538743,7370191.2700000005,1328.82,365000.0,108000.0
21135,KY,1382276.9983144687,1382276.9983144687,11616.49,1384860.48,100000.0,768000.0
21137,KY,115992.45466899342,115992.45466899342,41566.06,208592.03,0.0,400000.0
21139,KY,217489.62397846536,217489.62397846536,113727.83,380893.95,56000.0,5082000.0
21141,KY,229817.68991704262,229817.68991704262,187740.62,268293.13,0.0,50000.0
21143,KY,18734.801454066015,18734.801454066015,0.0,0.0,0.0,175000.0
21145,KY,580347.4534011257,580347.4534011257,2912930.43,5090692.85,311000.0,14471000.0
21147,KY,13243.802639226817,13243.802639226817,1568.66,0.0,75600.0,22810.0
21149,KY,445949.808816503,445949.808816503,1155560.64,256412.06,780000.0,3189000.0
21151,KY,212343.5188198776,212343.5188198776,1262270.06,1468206.43,0.0,1063000.0
21153,KY,869872.241036247,869872.241036247,508290.27,253700.7,100000.0,434000.0
21155,KY,80989.0729169645,80989.0729169645,0.0,128357.03,60000.0,72000.0
21157,KY,361351.057129466,361351.057129466,187110.99,872890.24,1685000.0,3044000.0
21159,KY,1092403.845546628,1092403.845546628,2859117.02,398663.8,5000.0,11500.0
21161,KY,205327.63721618065,205327.63721618065,0.0,112863.87,55000.0,908000.0
21163,KY,308777.32687670656,308777.32687670656,507374.64999999997,123536.13,0.0,20000.0
21165,KY,272831.70897233894,272831.70897233894,938553.82,84924.74,2129000.0,563500.0
21167,KY,127879.32582543582,127879.32582543582,1462184.63,1570650.75,0.0,102000.0
21169,KY,66216.98101592301,66216.98101592301,0.0,0.0,0.0,500000.0
21171,KY,31817.12202740372,31817.12202740372,1872.07,0.0,0.0,110000.0
21173,KY,270155.4531955777,270155.4531955777,102533.48999999999,917747.6000000001,21400.0,849930.0
21175,KY,419051.8785144494,419051.8785144494,901243.46,92118.7,451000.0,48100.0
21177,KY,46880.965987976626,46880.965987976626,183292.09,142751.55,1956000.0,429000.0
21179,KY,1140721.4051765879,1140721.4051765879,1450295.58,1028884.2999999999,10000.0,780000.0
21181,KY,404477.1791570266,404477.1791570266,1432998.52,50800.200000000004,2000000.0,55000.0
21183,KY,1041499.0507910928,1041499.0507910928,131253.66999999998,22068.66,90000.0,85000.0
21185,KY,1159995.300602022,1159995.300602022,8045913.58,9983895.58,0.0,0.0
21187,KY,226383.29656002214,226383.29656002214,641861.61,81082.70999999999,72000.0,58500.0
21189,KY,358713.3987758686,358713.3987758686,64960.86,0.0,2000.0,10000.0
21191,KY,2075960.6574736107,2075960.6574736107,465475.47,10413.98,15000.0,39000.0
21193,KY,329057.9533016455,329057.9533016455,5282841.07,419244.12,93000.0,591100.0
21195,KY,2322924.0991596077,2322924.0991596077,24000501.74,7924926.7,668000.0,283120.0
21197,KY,1209856.15933216,1209856.15933216,924531.53,267808.58,43200.0,195560.0
21199,KY,30264.261952433448,30264.261952433448,378466.88,307307.84,12800.0,73700.0
21201,KY,34334.53237065345,34334.53237065345,0.0,0.0,65000.0,2000.0
21203,KY,10687.607336625691,10687.607336625691,409372.29,204738.71000000002,519000.0,145500.0
21205,KY,651999.4695424656,651999.4695424656,25904.67,4316549.12,40200.0,524110.0
21207,KY,8133.075956331568,8133.075956331568,0.0,103712.0,0.0,100000.0
21209,KY,165988.8472599677,165988.8472599677,151479.76,1121367.4,20000.0,125000.0
21211,KY,142094.34719280186,142094.34719280186,156052.97999999998,82692.14,0.0,77000.0
21213,KY,59800.25804338915,59800.25804338915,489710.04,407871.6,10000.0,45000.0
21215,KY,82703.69277547594,82703.69277547594,146725.51,354011.32,0.0,230000.0
21217,KY,75610.81051871381,75610.81051871381,150046.81,169707.89,0.0,85000.0
21219,KY,202060.70859040224,202060.70859040224,48037.66,91632.27,510000.0,1340000.0
21221,KY,103566.8382900979,103566.8382900979,0.0,0.0,50000.0,325000.0
21223,KY,759120.2366436949,759120.2366436949,377102.94,125603.84,0.0,175000.0
21225,KY,306147.5165408198,306147.5165408198,0.0,272885.76,20000.0,1142000.0
21227,KY,67973.57510416652,67973.57510416652,1427893.31,653027.21,50000.0,760000.0
21229,KY,28555.023353800825,28555.023353800825,373158.93000000005,328110.7,150000.0,75000.0
21231,KY,3541.6656001319593,3541.6656001319593,3107.04,0.0,0.0,5200.0
21233,KY,472595.77430166176,472595.77430166176,147166.57,87541.48000000001,0.0,1600000.0
21235,KY,302215.901978744,302215.901978744,71324.59,0.0,4100400.0,35320.0
21237,KY,163590.63818107283,163590.63818107283,0.0,0.0,415000.0,124000.0
21239,KY,226036.58860984366,226036.58860984366,9051152.709999999,3850397.25,0.0,110000.0
22001,LA,11044269.921706785,11045838.514775025,5427394.38,28631088.3,270000.0,286486000.0
22003,LA,241994.35127912986,242114.08222765167,4531524.87,1617941.67,102000.0,1600000.0
22005,LA,46446473.91796667,48618929.11161097,12734523.57,318494741.15,29000.0,1530355000.0
22007,LA,75701.65337463372,1233747.552208915,875551.55,836736.02,0.0,2000.0
22009,LA,1306837.5902012922,1306837.5902012922,278691.45,5113803.74,15000.0,27220000.0
22011,LA,1196242.182484496,1196260.4049714874,844755.31,3921665.42,25000.0,59950000.0
22013,LA,105042.37278381719,105042.37278381719,0.0,203955.81,0.0,0.0
22015,LA,540560.7758395553,540560.7758395553,426530.13,16530738.19,0.0,5915000.0
22017,LA,1919674.1644486496,1919674.1644486496,1904025.55,12510313.290000001,0.0,8510000.0
22019,LA,11600985.717578473,11678595.535549123,154227786.26,37227882.39,500156000.0,156668000.0
22021,LA,572835.6173411153,572835.6173411153,150069.21000000002,1787891.27,0.0,4000000.0
22023,LA,388708.4367677212,491478.3221725178,38618717.27,441015.13,10000.0,25701000.0
22025,LA,211155.27004708594,211155.27004708594,1196822.33,5196441.08,631000.0,1722000.0
22027,LA,53249.022906519735,53249.022906519735,0.0,1634467.68,0.0,0.0
22029,LA,1213118.9649454064,1213118.9649454064,83650.20999999999,3830889.03,12000.0,6056200.0
22031,LA,136746.08766826623,136746.08766826623,0.0,306738.55,0.0,100000.0
22033,LA,146083867.92901707,147256702.395846,116900853.96,1089006856.93,392000.0,2402772000.0
22035,LA,567874.6272626275,567874.6272626275,57014.6,1284571.12,60000.0,13109000.0
22037,LA,626638.5715966691,626638.5715966691,60619.340000000004,2168000.89,204000.0,24200000.0
22039,LA,1570411.4485825698,1570411.4485825698,407461.82,5356788.9,3000.0,32775000.0
22041,LA,3067538.71207864,3067538.71207864,580646.25,353138.0,35000.0,2179000.0
22043,LA,52793.681223024425,52793.681223024425,486077.18,2041912.3499999999,0.0,250000.0
22045,LA,11978086.49806685,12454265.318600055,7035055.37,19793783.58,1005000.0,151710000.0
22047,LA,125162.9569379717,787203.387506447,4847970.86,5640226.76,4000.0,6470000.0
22049,LA,206272.8784718569,206272.8784718569,534.72,10937.31,0.0,560000.0
22051,LA,31724.542414862568,10049872.865824612,152309848.87,40886469.64,39760500.0,95000.0
22053,LA,4119313.360961968,4120402.2054439704,826638.54,4460470.67,1000.0,81731000.0
22055,LA,84969850.51935834,84974729.0475007,26243689.05,215221915.05,695000.0,1286962000.0
22057,LA,399331.3488436816,2177403.5914939707,35171219.82,3452157.31,4520000.0,50000.0
22059,LA,198106.56604677765,198106.56604677765,319828.49,1692227.5999999999,0.0,0.0
22061,LA,730502.3765001958,730502.3765001958,132230.47,194184.77000000002,0.0,10010000.0
22063,LA,70379577.96198076,72606294.52844298,9327120.0,762560979.29,0.0,1917850000.0
22065,LA,514513.1856579728,514513.1856579728,78823.36,1823392.8,0.0,2956000.0
22067,LA,1473863.5954981688,1473863.5954981688,467200.38,5009358.17,24000.0,1198000.0
22069,LA,199227.36032083377,199227.36032083377,53871.29,6555061.29,0.0,2600000.0
22071,LA,77954.56222598112,1481794.8171167683,42765937.06,95346121.12,1161000.0,5145000.0
22073,LA,2872253.4680140913,2872253.4680140913,2380824.89,108998488.64,0.0,35340500.0
22075,LA,45606.51353854759,2783967.980436567,18825032.03,96274571.9,0.0,0.0
22077,LA,869266.4549048769,869268.5765626848,732353.49,10788728.06,500000.0,16170000.0
22079,LA,2356185.740475583,2356185.740475583,13011017.6,16624294.96,111000.0,43330000.0
22081,LA,87097.72822858725,87097.72822858725,0.0,291094.24,0.0,1000.0
22083,LA,1846449.5968647567,1846449.5968647567,1604416.91,4302418.41,8000.0,864000.0
22085,LA,409521.6514524034,409521.6514524034,0.0,521689.46,0.0,135000.0
22087,LA,24750.44616245348,1328133.7330320554,2100839.4,3728403.88,100000.0,0.0
22089,LA,88229.39401769651,12677787.833564492,54470490.06,4517598.25,53807000.0,780000.0
22091,LA,262325.37756668334,262325.37756668334,151491.8,2223991.6,0.0,23275000.0
22093,LA,56701.715833419905,2524688.313286164,1604038.51,5005323.73,18000000.0,871000.0
22095,LA,36931.022687795456,1736783.1976066306,387959223.84,257042345.15,10020000.0,200000.0
22097,LA,6679237.350064687,6680058.889268074,472321.93,17203017.21,24000.0,79617000.0
22099,LA,12965396.288983416,16208824.955070037,2758570.12,19879858.47,105000.0,236110000.0
22101,LA,2554919.4121952686,5961009.906789189,6650752.92,4548627.24,0.0,27628000.0
22103,LA,19669984.95727993,22122057.989591952,94510279.61,139279962.0,3651000.0,8030000.0
22105,LA,26983039.861219298,27816457.425232958,55882148.63,109144878.61,8000.0,1051130000.0
22107,LA,553741.5815892868,553741.5815892868,0.0,1245778.96,3000.0,5665000.0
22109,LA,240389.26310969144,4445019.360335194,7484542.58,7947417.19,100000.0,35000.0
22111,LA,447604.16483470355,447604.16483470355,8144.92,6749430.88,0.0,0.0
22113,LA,6563034.325213037,6581581.849997705,2461721.14,55545381.6,30000.0,148355000.0
22115,LA,1018337.1915336795,1018337.1915336795,423450.23,6633875.14,27000.0,52340000.0
22117,LA,567285.4007249592,567285.4007249592,445877.66,12005670.48,30000.0,8490000.0
22119,LA,131728.69305557426,131728.69305557426,45447.05,4479404.32,0.0,30000.0
22121,LA,78430.48176947384,131691.50990857015,4206609.38,1838154.95,10000.0,1790000.0
22123,LA,702015.8937998805,702015.8937998805,38534.21,1214962.68,12000.0,1461000.0
22125,LA,78494.1118750599,78494.1118750599,214452.71,2385523.48,0.0,5220000.0
22127,LA,56464.158832049194,56464.158832049194,0.0,1094018.54,0.0,8000.0
23001,ME,270773.92568915436,270773.92568915436,343737.34,25642.16,2459000.0,265000.0
23003,ME,943152.6666241979,943152.6666241979,115028.56999999999,650292.03,0.0,3378000.0
23005,ME,2103108.353884626,3618328.2082628035,2350164.45,211388.34,979000.0,1800000.0
23007,ME,231315.02505475486,231315.02505475486,959464.48,635355.6,9697000.0,1184000.0
23009,ME,104151.1464289506,2186818.038315668,886001.16,11485.16,615000.0,178000.0
23011,ME,399001.0637457761,552195.8546261883,2630259.48,250670.21,1166000.0,275000.0
23013,ME,134384.55955498843,856702.3077030327,1558231.53,18491.989999999998,2280000.0,316000.0
23015,ME,85645.84007163627,935528.1526594122,2630779.13,553283.87,686000.0,119000.0
23017,ME,914156.9750786638,914156.9750786638,2744248.97,103178.52,13117000.0,1063000.0
23019,ME,431385.516920334,457155.673609353,49106.71,138259.39,0.0,559000.0
23021,ME,163248.36854823353,163248.36854823353,94759.58,38190.020000000004,0.0,587000.0
23023,ME,27766.75897045962,708034.2369719989,440283.19,452320.32999999996,0.0,304000.0
23025,ME,774864.8323463453,774864.8323463453,1318786.71,2423.27,16355000.0,1185000.0
23027,ME,77435.14284318427,697364.9492976903,734364.62,294593.18,210000.0,28000.0
23029,ME,70438.09212123555,1237160.6866259114,54225.19,18691.88,323000.0,954000.0
23031,ME,1876909.2868079236,4075434.3499200586,24457481.4,3600359.66,2306000.0,2450000.0
24001,MD,1730864.3800891,1730864.3800891,2021214.03,233628.65,200000.0,0.0
24003,MD,228426.3039736107,9631469.425908154,4125983.29,2972057.04,0.0,3458000.0
24005,MD,557484.7847627348,572787.6423018222,2677227.3,6756141.97,660000.0,9200000.0
24009,MD,26115.113365254634,3270120.244595059,792733.7000000001,195968.13999999998,0.0,5000.0
24011,MD,409877.42379447573,1262285.6253239254,100737.78,794265.64,0.0,1050000.0
24013,MD,94309.30033279274,94309.30033279274,106875.87,341146.42000000004,5000.0,30000.0
24015,MD,439930.2045953673,2110767.218598597,2881613.68,2158372.53,0.0,860000.0
24017,MD,14203.261817980103,214725.41754658462,376373.14,1310975.11,15000.0,50000.0
24019,MD,918372.1012454707,1911534.0951246857,4467571.68,723709.14,3000.0,0.0
24021,MD,2672894.321168003,2672894.321168003,107365.43000000001,588032.09,0.0,44365000.0
24023,MD,205175.81989223493,205175.81989223493,160885.21,145973.89,0.0,150000.0
24025,MD,186009.2398450245,647702.6339825053,414087.25,829311.54,30000.0,30000.0
24027,MD,952883.0299444213,953155.3668359133,63377.45,15092241.62,0.0,32920000.0
24029,MD,80220.14665401033,2109911.5328787863,828473.98,343443.52,0.0,1160000.0
24031,MD,471593.7157880311,471690.84680978645,1359577.76,1447343.2,1150000.0,170600.0
24033,MD,136989.63847257372,595137.0251185051,2656353.55,2764313.43,0.0,1405000.0
24035,MD,180827.6578606945,4549641.833724297,1254995.82,912877.38,0.0,1860000.0
24037,MD,57109.21784701613,354607.06578753097,914490.55,917169.22,80000.0,0.0
24039,MD,240426.67067318378,3414641.309871514,2051004.55,10546212.71,0.0,500000.0
24041,MD,170456.70149217724,4816533.76238332,2074038.74,1248174.07,0.0,2575000.0
24043,MD,1365569.7650356458,1365569.7650356458,19620.47,250629.97,0.0,4700000.0
24045,MD,88009.01128548478,1948472.0494469486,565097.6699999999,4739139.32,0.0,70000.0
24047,MD,52103.074865814044,4690612.782160408,105604.81,8407962.64,0.0,500000.0
24510,MD,267080.2723520666,286976.2612227582,1523079.42,7337141.8,0.0,3010000.0
25001,MA,0.00015734968659309004,2820506.9003625866,4528755.36,12284763.46,12000.0,199200.0
25003,MA,122384.42921372305,122384.42921372305,74997.59,1476248.66,1735000.0,295000.0
25005,MA,2273521.718979379,2581763.8017223943,1951242.92,3388788.07,172000.0,37682500.0
25007,MA,426.2276604678912,762842.0016964591,67198.91,182573.47,0.0,5000.0
25009,MA,3001911.612423982,7332534.368246609,7041381.03,25347068.22,51400.0,20876500.0
25011,MA,1249845.6708252267,1249845.6708252267,57497.840000000004,1341246.3,29000.0,22809000.0
25013,MA,360004.24548757024,360004.24548757024,319656.45,1048866.34,48000.0,1758000.0
25015,MA,312272.14001539536,312272.14001539536,282376.36,750195.67,35000.0,950000.0
25017,MA,3007641.2482192283,3248471.540966581,1957107.7,12113021.68,418700.0,47869300.0
25019,MA,8581.544431059361,118102.04781099295,42313.54,6088251.49,0.0,0.0
25021,MA,2150198.457299542,3049749.3958645444,963458.7000000001,14125845.53,30016700.0,25159500.0
25023,MA,1798332.4980307994,7066988.732412614,1636316.79,49005465.03,47000.0,24379000.0
25025,MA,2314398.9609373403,5505859.3041578345,1625776.84,4911980.18,5000.0,11487000.0
25027,MA,910061.2439092256,910061.2439092256,2429423.17,1969781.41,155000.0,8949500.0
26001,MI,18089.236504976987,33894.701561856346,2000.0,13927.25,0.0,40000.0
26003,MI,8199.125408147822,8199.125408147822,15911.66,0.0,1078500.0,16000.0
26005,MI,497527.37012265285,497531.0530275447,232319.39,596511.73,0.0,5005000.0
26007,MI,36587.301190460676,65644.28754595485,42067.58,932.89,0.0,0.0
26009,MI,8975.806629153982,8975.806629153982,2593.4,0.0,326000.0,0.0
26011,MI,36249.88307581827,85578.65694668706,1377163.03,403084.18,4400000.0,0.0
26013,MI,43091.53620643176,43091.53620643176,0.0,0.0,10500000.0,7500.0
26015,MI,284144.6430949307,284144.6430949307,479799.46,1124687.6,0.0,5350000.0
26017,MI,587661.8660716692,968353.4887803968,487392.56,741367.1599999999,1000000.0,5600000.0
26019,MI,2638.3600844864313,14504.120765135813,35000.0,34713.79,0.0,0.0
26021,MI,964823.8573091917,985526.9035862382,32119.739999999998,1968093.14,1377000.0,8400000.0
26023,MI,5848.979575149397,5848.979575149397,0.0,440094.07,0.0,0.0
26025,MI,241792.81657295962,241792.81657295962,10997.85,105362.02,0.0,5160000.0
26027,MI,92756.66756846967,92756.66756846967,50729.56,60129.909999999996,16000.0,550000.0
26029,MI,5155.550560546838,14379.662355777713,136072.84,47070.17,0.0,2000.0
26031,MI,2858.141093743791,39396.97547438833,293362.33,759.51,1000.0,25000.0
26033,MI,17035.802731545973,152567.7993946092,0.0,122642.88,25000.0,125000.0
26035,MI,190561.7870332185,190561.7870332185,0.0,24021.370000000003,0.0,3000000.0
26037,MI,128510.25149445284,128510.25149445284,69659.88,249265.42,25000.0,5000000.0
26039,MI,9489.959604249516,9489.959604249516,23000.0,0.0,0.0,0.0
26041,MI,86288.87099595145,86288.87099595145,182452.23,8303.96,580000.0,90000.0
26043,MI,22462.44855664316,22462.44855664316,0.0,0.0,102000.0,266000.0
26045,MI,134688.20524140305,134688.20524140305,0.0,283223.26,100000.0,4300000.0
26049,MI,363799.5619545706,363799.5619545706,445278.22000000003,1572637.3,0.0,7315000.0
26051,MI,13016.30023214348,13016.30023214348,1372233.3099999998,223598.41999999998,17508000.0,225000.0
26053,MI,133985.95709700164,133985.95709700164,0.0,15142.21,20004000.0,6375000.0
26055,MI,81516.7385064342,103829.8217458726,421477.08,195424.33,450000.0,1889000.0
26057,MI,157719.05734565062,157719.05734565062,31210.41,2145.53,100000.0,3000000.0
26059,MI,11347.26657586927,11347.26657586927,0.0,108872.9,0.0,0.0
26061,MI,29594.55280074708,29594.55280074708,0.0,117086.42,24290000.0,103903000.0
26063,MI,99614.27011125692,230589.6193597415,104316.5,48608.090000000004,0.0,5000.0
26065,MI,123409.28110341924,123409.28110341924,175449.38,1533312.28,0.0,10025000.0
26067,MI,109685.63282233616,109685.63282233616,31299.980000000003,200802.81,100000.0,7400000.0
26069,MI,3389.246296169774,48383.65857584587,489839.9,238633.97,1200000.0,0.0
26071,MI,20303.699254114796,20303.699254114796,0.0,0.0,4479000.0,130000.0
26073,MI,683405.1154042872,683405.1154042872,3702.52,520344.61,200000.0,98055000.0
26075,MI,161949.05767301348,161949.05767301348,58687.32,94172.70999999999,0.0,3550000.0
26077,MI,451381.61965280626,451381.61965280626,121520.25,3796339.97,100000.0,5100000.0
26079,MI,1497.4813584509413,1497.4813584509413,0.0,0.0,0.0,0.0
26081,MI,329212.6861200581,329212.6861200581,660180.54,6133697.87,200000.0,575000.0
26083,MI,1150.2859364572596,1150.2859364572596,0.0,0.0,1000000.0,72000.0
26085,MI,15520.411311006143,15520.411311006143,47070.97,909463.45,0.0,3880000.0
26087,MI,722764.10948326,722764.10948326,0.0,6785.65,0.0,100000.0
26089,MI,10233.175229304316,38297.12225912807,19790.85,84278.4,10000.0,0.0
26091,MI,78652.85809521604,78652.85809521604,6293.64,194944.75999999998,0.0,100000.0
26093,MI,50166.83230021211,50166.83230021211,101039.22,151135.16,0.0,0.0
26095,MI,0.0031024958143164786,0.0031024958143164786,0.0,0.0,0.0,0.0
26097,MI,5.144876013479908,5.144876013479908,0.0,6640.64,0.0,18000.0
26099,MI,11104049.340553977,11407868.448278483,1512362.69,3811511.15,1100000.0,304395000.0
26101,MI,115794.98751026801,126316.03634107774,43020.67,87147.25,2000.0,3550000.0
26103,MI,1193681.6970016265,1232407.109326552,37825.07,153667.52,11176500.0,680000.0
26105,MI,204023.32420564647,225635.31804319602,0.0,191597.02000000002,0.0,3575000.0
26107,MI,194564.79042055126,194564.79042055126,86847.76000000001,1069559.12,2575000.0,8850000.0
26109,MI,89108.27837051543,175058.5953996746,106640.68000000001,93126.26,887000.0,175000.0
26111,MI,1184279.9277238725,1184279.9277238725,19808704.83,6173103.02,210000000.0,118050000.0
26115,MI,315104.8944734903,515909.6556795614,1001200.69,3343091.87,1000000.0,4050000.0
26117,MI,53370.82125698795,53370.82125698795,10477.44,14491.59,250000.0,3000000.0
26121,MI,110311.55089406486,135172.55436890115,194399.83,325668.64,6000000.0,5000000.0
26123,MI,265622.43464463856,265622.43464463856,719579.1,2208857.29,25000.0,10825000.0
26125,MI,7014649.944162023,7014649.944162023,2287010.8,566590.19,6000000.0,400500000.0
26127,MI,80049.98198713255,91678.81273281778,104880.06999999998,859.77,0.0,3000000.0
26131,MI,18918.109383742783,18918.109383742783,0.0,0.0,9680000.0,565000.0
26133,MI,359806.44730544026,359806.44730544026,429200.39,1051376.35,0.0,6025000.0
26137,MI,2.1885198432222014e-05,2.1885198432222014e-05,0.0,0.0,15500.0,0.0
26139,MI,1094001.1273682818,1116046.2700976918,363996.74,1033809.98,5000000.0,6500000.0
26141,MI,0.0003575088759945881,0.006130754225738373,0.0,0.0,0.0,0.0
26143,MI,4412.524564793395,4412.524564793395,49168.630000000005,16141.66,240000.0,60000.0
26145,MI,283652.3195954151,283652.3195954151,7300096.46,2173865.25,10000000.0,1750000.0
26147,MI,280690.9027342068,523570.3297395427,1155269.1,1143285.61,550000.0,12200000.0
26149,MI,61852.20666089116,61852.20666089116,82781.37000000001,925032.54,0.0,680000.0
26151,MI,55689.09509616948,65206.88432547179,0.0,0.0,0.0,1000000.0
26153,MI,2160.78114113454,2160.78114113454,2009.88,0.0,0.0,0.0
26155,MI,92746.67685387962,92746.67685387962,9729.23,6706.19,0.0,1100000.0
26157,MI,401164.54805498855,424873.09128333104,129020.47999999998,33709.52,0.0,4452000.0
26159,MI,139555.4687348191,157787.91057128191,16322.64,127702.75,0.0,3100000.0
26161,MI,79708.07991167984,79708.07991167984,731721.7999999999,420310.73,7500000.0,160000.0
26163,MI,34922905.63694916,35263791.24008017,3747452.29,5858560.49,142100000.0,1167870000.0
26165,MI,64110.818208926496,64110.818208926496,384266.07,11884.45,0.0,172000.0
27001,MN,567847.300297008,567847.300297008,9819.89,661319.97,0.0,0.0
27003,MN,4079186.5131863444,4079186.5131863444,25073.02,194374.86,0.0,2000000.0
27005,MN,10746.63056365259,10746.63056365259,53149.2,52338.979999999996,0.0,475000.0
27007,MN,7202.068595948911,7202.068595948911,0.0,0.0,0.0,85000.0
27009,MN,447294.1268409772,447294.1268409772,1012.43,5267.69,0.0,0.0
27011,MN,103564.6786655385,103564.6786655385,31851.989999999998,312128.86,332000.0,0.0
27013,MN,511380.48853513575,511380.48853513575,482665.19,592944.93,835000.0,4800000.0
27015,MN,353515.8812923349,353515.8812923349,39261.58,288924.95,0.0,1395000.0
27017,MN,260359.77934216117,260359.77934216117,67273.29999999999,520039.78,20000.0,41000000.0
27019,MN,482136.27909530373,482136.27909530373,4617.78,71372.82999999999,0.0,9541000.0
27021,MN,277.88653639904277,277.88653639904277,0.0,803.0,0.0,300000.0
27023,MN,82006.93448822353,82006.93448822353,0.0,244325.82,75000.0,345000.0
27025,MN,62855.106603020125,62855.106603020125,0.0,297954.91,0.0,0.0
27027,MN,1377018.0252770544,1377018.0252770544,0.0,448905.1,1000.0,464500.0
27033,MN,437339.8069237699,437339.8069237699,286400.46,183231.09,21900000.0,7591000.0
27035,MN,50924.76119088092,50924.76119088092,0.0,56792.8,0.0,634000.0
27037,MN,1510818.4097831952,1510818.4097831952,975562.9,1825733.09,0.0,1160000.0
27039,MN,253763.33799137262,253763.33799137262,0.0,276808.65,0.0,5310000.0
27041,MN,26354.71509128741,26354.71509128741,0.0,238521.38,0.0,100000.0
27043,MN,448329.82817309804,448329.82817309804,0.0,40201.69,0.0,552000.0
27045,MN,1686112.6665707692,1686112.6665707692,37061.42,135574.76,167000.0,6301000.0
27047,MN,388007.273332339,388007.273332339,11817.369999999999,523815.23,300000.0,1195000.0
27049,MN,433326.595347915,433326.595347915,158454.6,1106970.22,0.0,540000.0
27051,MN,53877.58396187496,53877.58396187496,0.0,59148.07,0.0,50000.0
27053,MN,242693.0877765299,242693.0877765299,148431.96,1230785.89,0.0,5500000.0
27055,MN,1075647.2126484737,1075647.2126484737,24763.86,72872.46,0.0,10500000.0
27059,MN,16423.704623695638,16423.704623695638,76810.09,1165.55,5000.0,0.0
27061,MN,148752.38648858928,148752.38648858928,19112.97,43862.82,10000.0,0.0
27063,MN,305251.3303395009,305251.3303395009,342277.34,19060.64,355000.0,14341000.0
27065,MN,18042.783838777526,18042.783838777526,0.0,154832.05,0.0,260000.0
27067,MN,66770.31234145921,66770.31234145921,23738.53,3690.27,0.0,250000.0
27069,MN,386140.2364755127,386140.2364755127,0.0,118257.5,1125000.0,2657000.0
27071,MN,0.16053374142987978,0.16053374142987978,278220.9,39847.45,2400000.0,29000.0
27073,MN,148699.88195007283,148699.88195007283,1215.43,6198.99,260000.0,815000.0
27075,MN,17.716885016761772,17.716885016761772,0.0,930930.14,30000.0,2091000.0
27079,MN,192670.85698158416,192670.85698158416,1599813.8,740748.37,0.0,1600000.0
27081,MN,128158.67335437375,128158.67335437375,0.0,7495.78,0.0,25555000.0
27083,MN,533970.3808474434,533970.3808474434,15050.310000000001,65607.36,0.0,30223000.0
27085,MN,155258.5296775817,155258.5296775817,0.0,49811.049999999996,18500.0,305000.0
27087,MN,17042.37613495369,17042.37613495369,0.0,0.0,15000.0,20000.0
27089,MN,645873.8793640104,645873.8793640104,2389.37,54269.02,278200.0,242000.0
27091,MN,202723.50132927764,202723.50132927764,0.0,0.0,0.0,920000.0
27093,MN,106860.35905351475,106860.35905351475,0.0,17184.38,0.0,125000.0
27095,MN,37680.45213055998,37680.45213055998,0.0,80869.63,0.0,5000.0
27097,MN,1136299.167408731,1136299.167408731,368859.75,170877.72,1679000.0,0.0
27099,MN,563103.9401584514,563103.9401584514,247879.26,294516.63,1113000.0,1267500.0
27101,MN,283268.4987513985,283268.4987513985,0.0,161858.73,2300000.0,23640000.0
27103,MN,44.738329208662165,44.738329208662165,97987.31,275891.65,0.0,500000.0
27105,MN,1121621.8884956548,1121621.8884956548,31226.48,95715.91,3605000.0,19856000.0
27107,MN,848750.2044202334,848750.2044202334,803.18,147835.79,20000.0,102500.0
27109,MN,2342397.811436973,2342397.811436973,52437.29,1018858.03,0.0,13243000.0
27111,MN,4379.8807612921055,4379.8807612921055,2760.06,886799.4,266000.0,921000.0
27113,MN,0.06640805968107297,0.06640805968107297,0.0,7595.75,52000.0,10325000.0
27115,MN,93867.47896848446,93867.47896848446,202936.5,1114233.13,0.0,0.0
27117,MN,953756.3794588518,953756.3794588518,0.0,272960.04,250000.0,15004000.0
27119,MN,1561113.6786859955,1561113.6786859955,49041.82,355733.52999999997,5000.0,145500.0
27121,MN,56398.42171437335,56398.42171437335,0.0,17847.44,0.0,0.0
27123,MN,209091.530782489,209091.530782489,0.0,171704.38,0.0,4800000.0
27125,MN,41848.118054184364,41848.118054184364,0.0,0.0,250000.0,165000.0
27127,MN,336003.3432643128,336003.3432643128,0.0,39453.53,1300000.0,1105000.0
27129,MN,257039.41047213343,257039.41047213343,6113.92,5217.95,284000.0,2235000.0
27131,MN,301751.53993578075,301751.53993578075,549081.29,2900547.74,0.0,4700000.0
27133,MN,434268.723255691,434268.723255691,11013.06,103268.04,2000000.0,12330000.0
27135,MN,1669025.4036055475,1669025.4036055475,0.0,0.0,0.0,10269000.0
27137,MN,968311.8497240954,968311.8497240954,481545.38,1062563.73,3210000.0,3000.0
27139,MN,770218.3974439034,770218.3974439034,0.0,557883.04,0.0,9950000.0
27141,MN,101813.71426771348,101813.71426771348,262992.92,22128.28,0.0,0.0
27143,MN,325355.28107307124,325355.28107307124,1159.15,59290.6,0.0,3960000.0
27145,MN,730175.9650655459,730175.9650655459,191609.88,169109.26,0.0,101000.0
27147,MN,1028618.9831119856,1028618.9831119856,75564.21,1732102.25,0.0,30800000.0
27149,MN,113579.30115287835,113579.30115287835,0.0,0.0,146000.0,40000.0
27151,MN,94403.27094431958,94403.27094431958,0.0,5986.02,0.0,0.0
27153,MN,55410.411221071205,55410.411221071205,25762.190000000002,19185.23,400000.0,0.0
27155,MN,523731.02160521294,523731.02160521294,136809.11,83719.01000000001,0.0,0.0
27157,MN,1722083.2056893182,1722083.2056893182,155311.24000000002,2667691.42,2000.0,18370000.0
27159,MN,11383.604828318928,11383.604828318928,0.0,8604.15,0.0,300000.0
27161,MN,70930.06228464522,70930.06228464522,79025.6,32180.33,0.0,1000000.0
27163,MN,475132.3412318091,475132.3412318091,302306.3,880455.79,0.0,0.0
27165,MN,140697.4772978893,140697.4772978893,908985.39,223839.47,0.0,3900000.0
27167,MN,1134633.2539390016,1134633.2539390016,0.0,9701.99,0.0,434500.0
27169,MN,2672556.073470622,2672556.073470622,8537.46,22740.17,420000.0,2156000.0
27171,MN,1286307.3209365208,1286307.3209365208,3199.98,83793.32,0.0,50000.0
27173,MN,122516.6632516878,122516.6632516878,0.0,203522.91,0.0,425000.0
28001,MS,196322.05528313492,196322.05528313492,33797.06,581313.66,108000.0,2500000.0
28003,MS,389252.74742029584,389252.74742029584,161835.22999999998,3697625.32,21000.0,4500000.0
28005,MS,94985.15813165218,94985.15813165218,14680.54,0.0,300000.0,690000.0
28007,MS,233287.7828242589,233287.7828242589,76961.44,94981.33,43000.0,341000.0
28009,MS,54755.85607017882,54755.85607017882,0.0,0.0,0.0,750000.0
28011,MS,287098.584225094,287098.584225094,1749417.6600000001,11198672.09,2219000.0,1487000.0
28013,MS,222557.78770721372,222557.78770721372,317253.65,292147.13,10000.0,207000.0
28015,MS,58086.391987193434,58086.391987193434,25062.719999999998,125759.03,257000.0,733000.0
28017,MS,57439.62891078441,57439.62891078441,0.0,0.0,290000.0,25000.0
28019,MS,69550.50659724268,69550.50659724268,19484.65,0.0,1395000.0,557000.0
28021,MS,85933.27381246886,85933.27381246886,65263.3,1075220.22,12000.0,608000.0
28023,MS,358539.9752566223,358539.9752566223,88757.26000000001,607659.49,304000.0,3852000.0
28025,MS,168523.40057813207,168523.40057813207,70800.3,1007486.48,50000.0,749000.0
28027,MS,261910.93515645308,261910.93515645308,151854.83000000002,5063799.94,150000.0,1750000.0
28029,MS,150641.33808041862,150641.33808041862,101302.45,52200.0,410000.0,231000.0
28031,MS,440573.0143348399,440573.0143348399,26709.0,175750.71,283000.0,1996000.0
28033,MS,700606.7652761115,700606.7652761115,456812.11,5394848.27,60000.0,5188000.0
28035,MS,639995.0825089085,639995.0825089085,1401780.29,3806610.04,881000.0,5223000.0
28037,MS,396032.8085497588,396032.8085497588,53152.9,6854.25,327000.0,213000.0
28039,MS,32097.478642922277,32182.118120003786,57415.83,51757.5,1800000.0,525000.0
28041,MS,79211.20493859464,79211.20493859464,0.0,473352.04,0.0,615000.0
28043,MS,469613.91468423716,469613.91468423716,33470.15,124851.66,371000.0,1299000.0
28045,MS,125379.48340018414,2806847.882960832,7903058.35,11655956.66,0.0,100000.0
28047,MS,262057.5059147797,5021270.414509216,10214300.77,21525678.22,433000.0,980000.0
28049,MS,1360212.0351222758,1360212.0351222758,10004349.66,7561591.82,4206000.0,2809000.0
28051,MS,799155.7827661445,799155.7827661445,70000.0,310950.11,364000.0,387000.0
28053,MS,106162.88710832383,106162.88710832383,131409.28999999998,1638664.45,17000.0,720000.0
28055,MS,583265.4144291267,583265.4144291267,105249.31,998514.14,0.0,1109000.0
28057,MS,18347.310864507752,18347.310864507752,0.0,0.0,160000.0,231000.0
28059,MS,305672.17730965297,2917601.0429168236,10781007.98,27541559.31,570000.0,2835000.0
28061,MS,244192.3125738207,244192.3125738207,0.0,6798.38,137000.0,2864000.0
28063,MS,68959.39299572454,68959.39299572454,4223.19,394120.18,6000.0,342000.0
28065,MS,94449.75639693867,94449.75639693867,0.0,0.0,290000.0,337000.0
28067,MS,1012242.0256506501,1012242.0256506501,152464.36,1419543.16,164000.0,4226000.0
28069,MS,45344.91765647685,45344.91765647685,0.0,0.0,40000.0,60000.0
28071,MS,107076.51455665725,107076.51455665725,302536.98,393593.78,460000.0,1090000.0
28073,MS,738511.3537519573,738511.3537519573,103291.17,1921589.64,387000.0,2314000.0
28075,MS,6510031.97699475,6510031.97699475,726484.65,112478.54000000001,639000.0,1368000.0
28077,MS,358490.25535548374,358490.25535548374,151493.48,125012.65000000001,222000.0,1210000.0
28079,MS,577900.2896633244,577900.2896633244,608470.93,0.0,647000.0,229000.0
28081,MS,315811.0695275567,315811.0695275567,1014387.0700000001,1856179.81,1126000.0,341500.0
28083,MS,1889499.682681105,1889499.682681105,1581191.95,992256.23,1115000.0,1786000.0
28085,MS,319758.96531722555,319758.96531722555,120654.01999999999,72441.98000000001,98000.0,1769000.0
28087,MS,687188.297511887,687188.297511887,292381.95,841672.61,797000.0,2044000.0
28089,MS,3767607.3446462187,3767607.3446462187,1920496.72,2666796.39,3355000.0,1289000.0
28091,MS,5062546.6696289545,5062546.6696289545,465312.14,1834232.74,234000.0,1613000.0
28093,MS,122586.83153534197,122586.83153534197,0.0,159657.32,75000.0,1050000.0
28095,MS,108321.11830747707,108321.11830747707,232657.22,470818.5,290000.0,1385000.0
28097,MS,129274.51443486704,129274.51443486704,0.0,0.0,37000.0,691000.0
28099,MS,480336.77601296466,480336.77601296466,10429.48,16302.98,111000.0,314000.0
28101,MS,654422.7943062097,654422.7943062097,0.0,0.0,269000.0,610000.0
28103,MS,108424.01057563609,108424.01057563609,72107.57,70144.16,96000.0,70000.0
28105,MS,244127.11227400412,244127.11227400412,482154.47,95315.04000000001,231000.0,1283000.0
28107,MS,296532.2857465378,296532.2857465378,257720.91,393277.74,360000.0,1001000.0
28109,MS,263185.4938227206,263347.4929734973,753398.96,8379281.43,0.0,2850000.0
28111,MS,195039.9091925238,195039.9091925238,200000.0,1311796.98,0.0,1910000.0
28113,MS,92393.64736065491,92393.64736065491,172749.57,1376230.3800000001,250000.0,940000.0
28115,MS,47105.044441039325,47105.044441039325,0.0,41323.48,225000.0,50000.0
28117,MS,57308.48285915646,57308.48285915646,0.0,13573.82,104000.0,330000.0
28119,MS,214510.5279503725,214510.5279503725,55093.21,674019.41,700000.0,2000000.0
28121,MS,3335666.535583644,3335666.535583644,3195586.39,10739077.84,1478000.0,4735000.0
28123,MS,993027.739799122,993027.739799122,687372.99,228355.57,191000.0,1769000.0
28125,MS,273958.05710878567,273958.05710878567,106648.03,1310228.44,11000.0,242000.0
28127,MS,259746.31090587238,259746.31090587238,49223.5,838089.61,53000.0,172000.0
28129,MS,198358.46822933675,198358.46822933675,6033.48,0.0,285000.0,69000.0
28131,MS,10912.672851178902,10912.672851178902,0.0,447677.43,0.0,150000.0
28133,MS,279317.9138247947,279317.9138247947,490108.57,328436.12,554000.0,1066000.0
28135,MS,500539.94252715353,500539.94252715353,189514.56,136294.35,1375000.0,1000000.0
28137,MS,139999.1794642766,139999.1794642766,650144.25,439697.04,10000.0,310000.0
28139,MS,142735.7443799968,142735.7443799968,0.0,24135.8,0.0,1565000.0
28141,MS,76927.78509249419,76927.78509249419,66079.77,124231.17,28000.0,1020000.0
28143,MS,2132301.396371398,2132301.396371398,0.0,2689277.31,20000.0,1001851000.0
28145,MS,110257.47395788852,110257.47395788852,0.0,300449.87,50000.0,1305000.0
28147,MS,138233.33897898722,138233.33897898722,246924.74,1167855.91,50000.0,1250000.0
28149,MS,1097330.3610733447,1097330.3610733447,161158.87,10586785.42,174000.0,4466000.0
28151,MS,2715314.869541635,2715314.869541635,395391.33,18055644.83,152000.0,6244500.0
28153,MS,281260.629053031,281260.629053031,55000.0,617580.19,0.0,1190000.0
28155,MS,91253.18739551009,91253.18739551009,0.0,0.0,144000.0,1115000.0
28157,MS,141438.22529423336,141438.22529423336,429725.98,5933301.47,600000.0,6640000.0
28159,MS,107083.5076100132,107083.5076100132,380967.86,0.0,2618000.0,131000.0
28161,MS,21153.407719116287,21153.407719116287,81279.01999999999,15683.21,200000.0,45000.0
28163,MS,1390328.596414942,1390328.596414942,820785.5,4156651.04,1281000.0,1699500.0
29001,MO,43355.91098748173,43355.91098748173,293626.39,195683.03,0.0,10000.0
29003,MO,12315.740297963242,12315.740297963242,118955.42,2626377.5,0.0,200000.0
29005,MO,368062.8478414314,368062.8478414314,0.0,4118755.18,0.0,200000.0
29007,MO,117574.97982562185,117574.97982562185,503661.35,11289.17,60000.0,2000.0
29009,MO,2933505.316206307,2933505.316206307,134087.31,837069.68,115000.0,9728000.0
29011,MO,72171.93489049021,72171.93489049021,0.0,195317.16999999998,5000.0,460000.0
29013,MO,250523.62649517908,250523.62649517908,30500.760000000002,158739.92,0.0,0.0
29015,MO,62463.68247736431,62463.68247736431,1288.0,6306.17,10000.0,25000.0
29017,MO,557298.2868131553,557298.2868131553,213003.66999999998,75064.39,20060000.0,950000.0
29019,MO,27969.123788576413,27969.123788576413,774738.21,231090.14,0.0,0.0
29021,MO,97915.29014033443,97915.29014033443,1129164.46,15949826.48,5000.0,200000.0
29023,MO,1344187.2870936485,1344187.2870936485,251543.39,5015799.88,110000.0,9434000.0
29025,MO,72730.26050509383,72730.26050509383,0.0,0.0,0.0,0.0
29027,MO,167804.05644739658,167804.05644739658,0.0,1075451.12,0.0,2007000.0
29029,MO,774479.8118552639,774479.8118552639,32053.590000000004,1507006.47,5000.0,4781000.0
29031,MO,360211.1434718305,360211.1434718305,4200.59,2630637.97,195000.0,20963000.0
29033,MO,1333593.123999726,1333593.123999726,239354.25,928794.38,0.0,0.0
29035,MO,1133163.5703494754,1133163.5703494754,0.0,4304291.2700000005,0.0,10665000.0
29037,MO,409937.247112226,409937.247112226,200622.6,2772366.1799999997,0.0,3000.0
29039,MO,89443.18677457285,89443.18677457285,0.0,0.0,810000.0,200000.0
29041,MO,42716.43178378859,42716.43178378859,0.0,227488.12,0.0,0.0
29043,MO,661938.9828972814,661938.9828972814,1126966.3399999999,1057004.42,20000.0,4737000.0
29045,MO,509719.85480058443,509719.85480058443,0.0,5477577.88,0.0,4275000.0
29047,MO,444115.57760573766,444115.57760573766,565699.46,2384741.89,0.0,0.0
29049,MO,16817.464046984456,16817.464046984456,0.0,46816.79,10000.0,0.0
29051,MO,48202.16616094557,48202.16616094557,509826.41,2527374.54,0.0,754000.0
29053,MO,23821.540896789524,23821.540896789524,40455.18,0.0,0.0,0.0
29055,MO,100194.33341910181,100194.33341910181,1190216.97,3749133.99,0.0,500000.0
29057,MO,130515.28049343353,130515.28049343353,0.0,0.0,10000.0,710000.0
29059,MO,380482.45235322235,380482.45235322235,0.0,27937.62,55000.0,1090000.0
29061,MO,26969.78654688556,26969.78654688556,0.0,25131.04,0.0,10000.0
29063,MO,173273.68201007918,173273.68201007918,0.0,42400.0,0.0,0.0
29065,MO,298087.5885102266,298087.5885102266,0.0,0.0,15000000.0,1510000.0
29067,MO,114426.52963916045,114426.52963916045,0.0,0.0,11723000.0,5880000.0
29069,MO,39121.68101492829,39121.68101492829,124378.53,201930.14,6000.0,722000.0
29071,MO,3412805.829775962,3412805.829775962,778682.64,17199821.75,10000.0,2000000.0
29073,MO,10719.211262402358,10719.211262402358,125349.68,3506947.7,0.0,193000.0
29075,MO,91959.3127498777,91959.3127498777,0.0,35554.4,0.0,0.0
29077,MO,1381715.976432376,1381715.976432376,108529.59,1189588.42,270000.0,10036000.0
29079,MO,270958.25060067704,270958.25060067704,0.0,156344.34999999998,0.0,0.0
29081,MO,32877.93066910078,32877.93066910078,0.0,98578.4,0.0,0.0
29083,MO,728785.1751822914,728785.1751822914,0.0,0.0,0.0,0.0
29085,MO,239.4664493669181,239.4664493669181,0.0,0.0,0.0,60000.0
29087,MO,25608.685725430514,25608.685725430514,0.0,25630858.86,0.0,400000.0
29089,MO,62502.753090756356,62502.753090756356,8109.83,266771.49,0.0,600000.0
29091,MO,6858554.197619332,6858554.197619332,467351.51999999996,2418087.07,6290000.0,63380000.0
29093,MO,881470.0055224649,881470.0055224649,109731.65000000001,6396.32,60000.0,220000.0
29095,MO,1480937.3732662147,1480937.3732662147,857559.05,10329828.38,12000.0,35000.0
29097,MO,900442.4675320988,900442.4675320988,370212.61,1771190.93,5000.0,2143000.0
29099,MO,436810.7520150854,436810.7520150854,3107805.66,23636430.44,215000.0,6225000.0
29101,MO,693372.2406482284,693372.2406482284,50597.16,84139.43000000001,0.0,0.0
29103,MO,324658.9947740764,324658.9947740764,0.0,616987.1,0.0,200000.0
29105,MO,1057116.5406190983,1057116.5406190983,3307.93,397106.4,10000.0,3943000.0
29107,MO,88184.25442073037,88184.25442073037,0.0,37000.0,0.0,0.0
29109,MO,1060821.7795143744,1060821.7795143744,423081.2,193573.78999999998,265000.0,2760000.0
29111,MO,441527.0214545784,441527.0214545784,0.0,660412.7999999999,0.0,86000.0
29113,MO,379875.59058191767,379875.59058191767,1128487.82,8374394.82,5110000.0,7713000.0
29115,MO,136689.59031866485,136689.59031866485,0.0,33574.35,0.0,0.0
29117,MO,77407.21404117387,77407.21404117387,45916.840000000004,60775.85,0.0,0.0
29119,MO,2844287.0699179973,2844287.0699179973,503649.7,10569172.08,25000.0,13635000.0
29121,MO,510314.12911864155,510314.12911864155,0.0,8284.73,0.0,0.0
29123,MO,494663.7573635433,494663.7573635433,318056.53,54899.520000000004,151000.0,0.0
29125,MO,45602.31664934379,45602.31664934379,27896.83,2022828.8599999999,10000.0,1470000.0
29127,MO,358217.5807359677,358217.5807359677,77980.87,2278332.96,0.0,241000.0
29129,MO,38250.46920458086,38250.46920458086,0.0,0.0,0.0,0.0
29131,MO,589263.4851364185,589263.4851364185,0.0,352154.52,0.0,4501000.0
29133,MO,4030138.904309629,4030138.904309629,0.0,4031014.2,0.0,200280000.0
29135,MO,24478.19219440028,24478.19219440028,0.0,14101.84,0.0,0.0
29137,MO,83542.62284380406,83542.62284380406,0.0,0.0,0.0,0.0
29139,MO,1535.9524960382366,1535.9524960382366,0.0,93499.47,0.0,3000.0
29141,MO,145700.49748682335,145700.49748682335,0.0,157742.77,40000.0,661000.0
29143,MO,1588790.339933124,1588790.339933124,395157.51,1546930.57,75000.0,75058000.0
29145,MO,1708398.4013757817,1708398.4013757817,36691.93,4517481.86,200000.0,6520000.0
29147,MO,29857.597848014473,29857.597848014473,0.0,10000.0,0.0,0.0
29149,MO,640237.3866060624,640237.3866060624,3088.72,94943.0,81000.0,5501000.0
29151,MO,2186.2612908644596,2186.2612908644596,10357.99,1613790.72,0.0,0.0
29153,MO,564403.2406203317,564403.2406203317,0.0,334857.37,6050000.0,8165000.0
29155,MO,12243.559527045581,12243.559527045581,127474.83,276205.67,0.0,260000.0
29157,MO,38954.6391193974,38954.6391193974,113180.46,93441.59,0.0,810000.0
29159,MO,526950.2369206963,526950.2369206963,63027.52,229452.47,0.0,0.0
29161,MO,312942.60262755724,312942.60262755724,401820.07,7318262.02,2000000.0,4800000.0
29163,MO,170511.61689463304,170511.61689463304,109966.34,4622088.82,0.0,48000.0
29165,MO,220623.15609075932,220623.15609075932,49845.20999999999,2573280.3,0.0,200000.0
29167,MO,882452.7796626538,882452.7796626538,74178.29000000001,29534.579999999998,2260000.0,1110000.0
29169,MO,771764.2914562508,771764.2914562508,494480.55,4827535.69,2445000.0,13210000.0
29171,MO,60140.52266612779,60140.52266612779,0.0,3122.06,0.0,0.0
29173,MO,138424.5052266543,138424.5052266543,0.0,651262.89,0.0,12000.0
29175,MO,41209.17195999533,41209.17195999533,0.0,0.0,0.0,0.0
29177,MO,39161.25922210717,39161.25922210717,77724.67,37246.619999999995,0.0,0.0
29179,MO,109813.15157979097,109813.15157979097,18005.33,1268692.92,500000.0,355000.0
29181,MO,922744.5734896298,922744.5734896298,95097.19,10016432.04,115000.0,5563000.0
29183,MO,594631.5174281034,594631.5174281034,6186712.68,37081336.39,10050000.0,3636000.0
29185,MO,53261.86217330037,53261.86217330037,0.0,0.0,95000.0,17000.0
29186,MO,113459.00295656009,113459.00295656009,71193.2,593538.41,30000.0,303000.0
29187,MO,35039.670594417395,35039.670594417395,437065.51,693159.66,60000.0,275000.0
29189,MO,9516254.000370746,9516254.000370746,61020822.46,50860963.67,50837000.0,235200000.0
29195,MO,29487.943422093726,29487.943422093726,145448.67,4557.49,0.0,0.0
29197,MO,51.42578020312984,51.42578020312984,0.0,0.0,0.0,0.0
29199,MO,264222.2973994925,264222.2973994925,0.0,0.0,0.0,345000.0
29201,MO,67447.93682072916,67447.93682072916,571402.42,1944447.77,10000.0,7066000.0
29203,MO,401538.38289934123,401538.38289934123,0.0,35423.3,8829000.0,6622000.0
29205,MO,116415.17930090458,116415.17930090458,0.0,0.0,0.0,0.0
29207,MO,1762278.3009640654,1762278.3009640654,0.0,809362.39,70000.0,4483000.0
29209,MO,1210643.3723322419,1210643.3723322419,60305.85,1222779.75,25000.0,10115000.0
29211,MO,79725.99661290647,79725.99661290647,0.0,0.0,0.0,0.0
29213,MO,2945652.6174525986,2945652.6174525986,2963.09,16395131.5,1695000.0,26560000.0
29215,MO,1443578.8501281107,1443578.8501281107,0.0,16440.920000000002,30000.0,14800000.0
29217,MO,656669.2760544101,656669.2760544101,13934.99,24212.28,20000.0,32000.0
29219,MO,479089.9009137336,479089.9009137336,500000.0,631128.37,25000.0,0.0
29221,MO,218644.14574482743,218644.14574482743,0.0,11469.37,0.0,0.0
29223,MO,2936823.0700904033,2936823.0700904033,41370.67,796762.1699999999,25000.0,24447000.0
29225,MO,628255.3775448498,628255.3775448498,55664.68,101824.56,2283000.0,10049000.0
29227,MO,8319.038426719386,8319.038426719386,0.0,0.0,0.0,0.0
29229,MO,334408.49926939385,334408.49926939385,0.0,73110.73999999999,1800000.0,4552000.0
29510,MO,10249.726138628936,10249.726138628936,1749112.8499999999,1598308.97,85681000.0,101000.0
30001,MT,357300.303601145,357300.303601145,0.0,0.0,200000.0,0.0
30003,MT,1166803.1177965782,1166803.1177965782,0.0,210001.36,0.0,4000000.0
30005,MT,473726.14925695583,473726.14925695583,0.0,11264.050000000001,2570000.0,0.0
30007,MT,96961.18511709338,96961.18511709338,0.0,6500.47,100000.0,0.0
30009,MT,446995.89850288676,446995.89850288676,2385561.8000000003,129674.73,0.0,1600000.0
30011,MT,27927.404014340027,27927.404014340027,0.0,0.0,0.0,320000.0
30013,MT,275469.6343725091,275469.6343725091,9920.64,544056.04,130000.0,0.0
30017,MT,323517.10895216244,323517.10895216244,1947.06,144870.61,0.0,1230000.0
30021,MT,97798.97895304055,97798.97895304055,0.0,141830.90999999997,0.0,50000.0
30023,MT,31478.610934896133,31478.610934896133,0.0,4636.32,0.0,685000.0
30025,MT,32820.22568636334,32820.22568636334,0.0,0.0,0.0,375000.0
30027,MT,23458.44835966942,23458.44835966942,0.0,200175.91999999998,235000.0,125000.0
30029,MT,577247.9078896402,577247.9078896402,0.0,463759.42,500000.0,35000.0
30031,MT,225639.4118079148,225639.4118079148,32554.07,57270.729999999996,1000000.0,0.0
30033,MT,33693.92904835445,33693.92904835445,0.0,0.0,0.0,50000.0
30035,MT,32649.80326748702,32649.80326748702,0.0,11451.74,0.0,0.0
30037,MT,29881.957641024426,29881.957641024426,0.0,0.0,0.0,50000.0
30039,MT,10575.746765395019,10575.746765395019,0.0,16721.37,0.0,77500.0
30041,MT,111297.21892315417,111297.21892315417,0.0,52134.74,3710000.0,0.0
30043,MT,31735.34885457246,31735.34885457246,0.0,5729.25,100000.0,0.0
30047,MT,43472.20655088884,43472.20655088884,0.0,3602.58,4000.0,0.0
30049,MT,176417.37930566544,176417.37930566544,0.0,272178.33,800000.0,50000.0
30051,MT,11677.75223088016,11677.75223088016,0.0,6286.12,50000.0,0.0
30053,MT,20904.002999080803,20904.002999080803,0.0,86530.71,31000000.0,0.0
30055,MT,36972.60465923275,36972.60465923275,0.0,0.0,0.0,1000.0
30057,MT,154731.57729725377,154731.57729725377,0.0,13023.36,0.0,0.0
30059,MT,16010.778035088133,16010.778035088133,0.0,0.0,0.0,0.0
30061,MT,248884.17465890062,248884.17465890062,0.0,0.0,4000000.0,0.0
30063,MT,88902.18825296474,88902.18825296474,0.0,576864.23,0.0,520000.0
30065,MT,696188.3391483448,696188.3391483448,0.0,1029911.65,0.0,6000000.0
30067,MT,64472.67022655676,64472.67022655676,2501817.75,103756.70999999999,0.0,130000.0
30069,MT,28881.38863076204,28881.38863076204,0.0,0.0,0.0,515000.0
30071,MT,66867.42418471134,66867.42418471134,0.0,45458.89,0.0,0.0
30073,MT,23869.525189876036,23869.525189876036,0.0,0.0,0.0,0.0
30075,MT,61165.85013532666,61165.85013532666,0.0,0.0,2000.0,120000.0
30077,MT,51041.828070004485,51041.828070004485,53021.25,30877.379999999997,0.0,70500.0
30079,MT,34035.04892360453,34035.04892360453,0.0,0.0,0.0,0.0
30081,MT,10893.599977045249,10893.599977045249,0.0,55263.32,30000.0,49000.0
30083,MT,208746.40398576276,208746.40398576276,0.0,90688.83,0.0,1000.0
30085,MT,365207.83736834105,365207.83736834105,0.0,54570.990000000005,0.0,0.0
30087,MT,12983.219557448261,12983.219557448261,0.0,5318.47,0.0,355000.0
30089,MT,40944.73415504105,40944.73415504105,0.0,1188.32,100000.0,19000.0
30091,MT,138153.76392295584,138153.76392295584,0.0,0.0,0.0,0.0
30093,MT,14399.604022487763,14399.604022487763,0.0,5419.179999999999,15000.0,1000.0
30095,MT,343535.1327323697,343535.1327323697,1260682.44,52154.990000000005,0.0,2804000.0
30097,MT,439770.1863931642,439770.1863931642,93110.05,0.0,0.0,4000000.0
30099,MT,71370.4839829223,71370.4839829223,0.0,29235.98,250000.0,0.0
30101,MT,22857.04142707482,22857.04142707482,0.0,0.0,0.0,0.0
30103,MT,353451.6040075426,353451.6040075426,0.0,0.0,0.0,0.0
30105,MT,1440717.0554715134,1440717.0554715134,0.0,986274.0599999999,0.0,1271000.0
30107,MT,504391.165451817,504391.165451817,17642.67,4252.83,0.0,0.0
30109,MT,15512.524450173963,15512.524450173963,0.0,72247.26,0.0,0.0
30111,MT,683369.2504456677,683369.2504456677,824731.24,802809.18,1600000.0,3000000.0
31001,NE,1169821.1062954701,1169821.1062954701,0.0,252077.54,2300000.0,3745000.0
31003,NE,306007.6297585583,306007.6297585583,0.0,406248.58,20000.0,4355000.0
31011,NE,641799.2967607735,641799.2967607735,-12226.26,124039.27,0.0,262000.0
31013,NE,6515.441217784377,6515.441217784377,0.0,0.0,0.0,0.0
31015,NE,172559.37454690496,172559.37454690496,19623.65,246511.64,1000.0,21730000.0
31019,NE,1841892.5789271668,1841892.5789271668,0.0,7142529.13,5000.0,45145000.0
31021,NE,10655.084327487382,10655.084327487382,655537.54,968765.49,25000.0,196000.0
31023,NE,40957.07561022204,40957.07561022204,0.0,86683.38,35000.0,438000.0
31025,NE,176378.75412772116,176378.75412772116,139619.7,7172105.25,145000.0,16900000.0
31027,NE,27097.909547128365,27097.909547128365,0.0,23727.08,5000.0,291000.0
31029,NE,22240.523244422227,22240.523244422227,0.0,0.0,160000.0,120000.0
31031,NE,12553.972401292844,12553.972401292844,0.0,0.0,12000.0,200000.0
31033,NE,270995.985217421,270995.985217421,0.0,76010.33,0.0,80000.0
31035,NE,199280.70903754316,199280.70903754316,0.0,1561.21,0.0,4858000.0
31037,NE,238529.0846784101,238529.0846784101,13640.619999999999,706563.74,60000.0,1870000.0
31039,NE,149144.0477932862,149144.0477932862,0.0,470467.06999999995,0.0,966000.0
31041,NE,392991.0967020258,392991.0967020258,0.0,83436.29000000001,595000.0,3840000.0
31043,NE,107086.66706250736,107086.66706250736,27094.94,887991.72,1180000.0,1860000.0
31045,NE,7728.749432060526,7728.749432060526,0.0,0.0,0.0,1000.0
31047,NE,712034.1630126098,712034.1630126098,0.0,362859.08,0.0,13578000.0
31049,NE,8305.027900848188,8305.027900848188,0.0,15883.13,0.0,2000.0
31051,NE,118005.27211740751,118005.27211740751,0.0,29883.41,25000.0,3745000.0
31053,NE,851158.7164430663,851158.7164430663,74187.4,9880994.74,1150000.0,560000.0
31055,NE,1083610.6941936868,1083610.6941936868,1020496.9500000001,9970714.84,710000.0,12812000.0
31057,NE,86252.0415142368,86252.0415142368,0.0,0.0,351010.0,0.0
31059,NE,297718.1084232382,297718.1084232382,0.0,0.0,0.0,10460000.0
31061,NE,333839.372744021,333839.372744021,0.0,0.0,0.0,1250000.0
31063,NE,57442.38314031315,57442.38314031315,0.0,0.0,0.0,0.0
31065,NE,88926.36292574095,88926.36292574095,0.0,4117.61,0.0,208000.0
31067,NE,140274.5650175767,140274.5650175767,52564.47,424676.59,8000.0,1320000.0
31069,NE,31930.187557968053,31930.187557968053,0.0,4926.39,0.0,0.0
31071,NE,20559.573906927457,20559.573906927457,0.0,0.0,20000.0,240000.0
31073,NE,69331.87706638868,69331.87706638868,0.0,0.0,0.0,125000.0
31077,NE,158271.3768854856,158271.3768854856,0.0,0.0,3300000.0,2300000.0
31079,NE,540534.0254438478,540534.0254438478,0.0,410321.81000000006,1450000.0,8161000.0
31081,NE,594840.2197585504,594840.2197585504,0.0,0.0,0.0,4875000.0
31083,NE,116263.01017243552,116263.01017243552,0.0,0.0,3050000.0,1260000.0
31085,NE,20800.419068346735,20800.419068346735,0.0,0.0,215000.0,108000.0
31087,NE,41151.49661142377,41151.49661142377,0.0,0.0,1073200.0,5000.0
31089,NE,161450.7393901983,161450.7393901983,0.0,4898.98,2000.0,1075000.0
31093,NE,939050.8834556639,939050.8834556639,33351.44,187962.3,15600000.0,8115000.0
31095,NE,402514.3337933893,402514.3337933893,0.0,1065.94,0.0,5920000.0
31097,NE,301335.88966884447,301335.88966884447,0.0,0.0,0.0,45000.0
31099,NE,730072.4875097934,730072.4875097934,0.0,0.0,0.0,130000.0
31101,NE,149668.87951614664,149668.87951614664,0.0,27084.59,20000.0,353000.0
31103,NE,0.09259568858951565,0.09259568858951565,0.0,0.0,0.0,100000.0
31105,NE,1935.2621162496139,1935.2621162496139,0.0,0.0,0.0,12000.0
31107,NE,29727.297096116883,29727.297096116883,22836.8,736632.0599999999,20000.0,1644000.0
31109,NE,6821273.478157353,6821273.478157353,109869.6,2514572.74,125000.0,102150000.0
31111,NE,201392.76726225464,201392.76726225464,0.0,175583.13,245000.0,827000.0
31115,NE,13844.098980337187,13844.098980337187,0.0,0.0,0.0,550000.0
31119,NE,448033.96048180107,448033.96048180107,6484.47,3300862.8,150000.0,1438000.0
31121,NE,748935.6781641062,748935.6781641062,0.0,0.0,3300000.0,3150000.0
31123,NE,38942.71899385789,38942.71899385789,0.0,0.0,0.0,24000.0
31125,NE,246126.4201308638,246126.4201308638,0.0,28953.45,6600000.0,24000000.0
31127,NE,68310.57353422261,68310.57353422261,0.0,236748.98,15000.0,570000.0
31129,NE,161733.24597302603,161733.24597302603,0.0,2661.29,100000.0,3955000.0
31131,NE,187953.4174964772,187953.4174964772,0.0,365749.89,100000.0,524000.0
31133,NE,55787.76500560191,55787.76500560191,0.0,0.0,0.0,1000.0
31135,NE,70436.03311041693,70436.03311041693,0.0,0.0,0.0,50000.0
31137,NE,682407.7428358373,682407.7428358373,0.0,37181.990000000005,0.0,1200000.0
31139,NE,23066.6806801155,23066.6806801155,0.0,181008.92,0.0,495000.0
31141,NE,571435.1285022082,571435.1285022082,62004.43,953274.45,287000.0,824000.0
31143,NE,600449.343181897,600449.343181897,20000.0,0.0,0.0,5160000.0
31145,NE,104975.17978665704,104975.17978665704,24565.12,0.0,6500.0,0.0
31147,NE,47483.56013848759,47483.56013848759,9363.21,1243524.1,100000.0,1862000.0
31151,NE,3248728.563271531,3248728.563271531,0.0,780581.77,0.0,106404000.0
31153,NE,5796258.189076858,5796258.189076858,22171.18,15699207.87,25000.0,420805000.0
31155,NE,2253121.7797251246,2253121.7797251246,124308.77,2517492.0300000003,1625000.0,54208000.0
31157,NE,131372.854724369,131372.854724369,0.0,169480.88,0.0,0.0
31159,NE,41535.887016701636,41535.887016701636,0.0,49453.05,5000.0,247000.0
31161,NE,83230.59646765768,83230.59646765768,1191.87,0.0,10000.0,1000.0
31163,NE,279717.5297336192,279717.5297336192,0.0,0.0,7800000.0,4660000.0
31167,NE,555351.3213947328,555351.3213947328,0.0,153405.04,115000.0,1522000.0
31169,NE,1116081.563570561,1116081.563570561,0.0,174132.57,35000.0,7450000.0
31171,NE,1387.1721739981529,1387.1721739981529,0.0,0.0,26000.0,55000.0
31173,NE,233862.29322426405,233862.29322426405,0.0,541648.48,0.0,93000.0
31175,NE,167280.0531951646,167280.0531951646,0.0,105672.46,0.0,7225000.0
31177,NE,307625.67615709954,307625.67615709954,221572.45,2196029.61,25000.0,1630000.0
31179,NE,54791.87949064947,54791.87949064947,0.0,3948.37,2005000.0,1490000.0
31181,NE,564695.6493991489,564695.6493991489,0.0,11598.710000000001,100000.0,945000.0
31183,NE,106953.03165718725,106953.03165718725,0.0,7763.06,0.0,2335000.0
31185,NE,472182.55690625234,472182.55690625234,0.0,30583.91,0.0,5875000.0
32001,NV,17890.665942360247,17890.665942360247,0.0,14819.65,0.0,25000.0
32003,NV,5171808.1154794805,5171808.1154794805,733893.66,3029612.39,27198000.0,48210100.0
32005,NV,530400.8532673818,530400.8532673818,565855.45,741445.1,5000000.0,3065000.0
32007,NV,256544.70565616473,256544.70565616473,0.0,116707.68000000001,800000.0,3633000.0
32011,NV,199100.63642768378,199100.63642768378,0.0,0.0,6630000.0,39500.0
32013,NV,40663.52757686545,40663.52757686545,0.0,19053.72,0.0,3004000.0
32015,NV,22243.708426367913,22243.708426367913,0.0,0.0,5900000.0,19000.0
32017,NV,1811489.7427777636,1811489.7427777636,0.0,0.0,412000.0,1132000.0
32019,NV,1434673.5936228025,1434673.5936228025,205979.15999999997,218934.66,0.0,1464000.0
32021,NV,623.1716725916167,623.1716725916167,0.0,0.0,0.0,0.0
32023,NV,654351.7683326594,654351.7683326594,1063489.92,31064.5,624000.0,977500.0
32027,NV,6126.615974288305,6126.615974288305,0.0,0.0,0.0,0.0
32029,NV,246857.9913185051,246857.9913185051,0.0,0.0,0.0,415000.0
32031,NV,64231835.997143686,64231835.997143686,359691.7,2870499.62,1520000.0,9035000.0
32033,NV,3859.9409182977533,3859.9409182977533,1121.16,0.0,0.0,16000.0
32510,NV,133657.92172894903,133657.92172894903,28017.64,59740.48,0.0,60000.0
33001,NH,55371.40104855359,55371.40104855359,0.0,150352.13,75000.0,70000.0
33003,NH,450059.25941614737,450059.25941614737,650202.44,1228158.26,660000.0,5603000.0
33005,NH,1393984.643816644,1393984.643816644,415235.13,1855659.82,1978000.0,3535000.0
33007,NH,1035814.3545907575,1035814.3545907575,163879.6,145868.16999999998,895000.0,11255000.0
33009,NH,3258118.9474931536,3258118.9474931536,254977.47,3153329.0700000003,390000.0,38788000.0
33011,NH,486102.66188338207,486102.66188338207,432500.04000000004,473184.72,1092000.0,510000.0
33013,NH,854731.2644346554,854731.2644346554,42495.48,557484.44,115000.0,3396000.0
33015,NH,759240.0824727586,2529060.329028952,12041863.86,3723089.7,200000.0,6287000.0
33017,NH,182437.60030048082,204384.90745223034,100749.23999999999,347147.86,117000.0,600100.0
33019,NH,694071.4708756703,694071.4708756703,902540.2,131099.19,2269000.0,3700000.0
34001,NJ,10618342.487582937,87598262.17689607,4430716.27,410216384.63,50000.0,30015000.0
34003,NJ,5906784.998176762,203871915.2827219,91032706.91,243959825.75,0.0,45510000.0
34005,NJ,6063115.340032442,11917765.503403438,1260034.34,14600707.94,23000.0,51115020.0
34007,NJ,2128937.1303207935,3142767.9180723308,552595.28,3383086.31,65000.0,11090000.0
34009,NJ,342392.55032584927,64503110.435795054,1126364.54,293825195.43,2000.0,5150020.0
34011,NJ,3139898.0987911844,22851525.035402935,327396.47,9705492.6,0.0,45250000.0
34013,NJ,1761200.3449014458,4843284.520555293,49322371.07,85914413.66,0.0,0.0
34015,NJ,1638815.985731102,3574093.387868828,402856.29000000004,2993301.11,0.0,10325260.0
34017,NJ,287732.55117374705,44103094.18626932,15759537.16,146905584.58,0.0,0.0
34019,NJ,7374425.496165992,7374425.496165992,15275323.91,5684021.84,6000000.0,52550000.0
34021,NJ,7911362.355663522,9872653.885647781,11465560.91,15706736.47,51040000.0,80500010.0
34023,NJ,6435249.751458477,28590050.872804612,50593612.17,92219138.87,50010000.0,51210050.0
34025,NJ,2217753.5189651637,54870187.214714505,5060700.59,816202686.17,5115000.0,11500020.0
34027,NJ,15338714.876575679,15338714.876575679,8684362.14,141538905.44,10100000.0,229360020.0
34029,NJ,1041734.8498448135,100756488.05536447,3841374.37,2341578234.45,70000.0,10217020.0
34031,NJ,1283723.2539585982,1348234.2671842675,33501188.87,180572843.68,0.0,6200000.0
34033,NJ,2138646.9101596856,9658574.716487158,2022136.44,5373028.1,0.0,15260000.0
34035,NJ,36774594.929859154,36816207.605625674,79585758.88,72796831.89,111045000.0,218110020.0
34037,NJ,3644276.856517983,3644276.856517983,25025.16,1207887.01,0.0,13520000.0
34039,NJ,1077127.1877936092,7719982.889275715,66819071.86,67634665.65,0.0,0.0
34041,NJ,5716491.930555353,5716491.930555353,794584.35,2278094.61,0.0,16300000.0
35001,NM,179408.11655272107,179408.11655272107,56217.05,1010125.13,3645000.0,1697000.0
35003,NM,3402.099816924202,3402.099816924202,0.0,168085.22,270000.0,3126000.0
35005,NM,130539.41990242188,130539.41990242188,7942267.57,195636.52000000002,515182000.0,864000.0
35006,NM,176407.38784748883,176407.38784748883,279835.99,0.0,160000.0,1655000.0
35007,NM,236615.19643128177,236615.19643128177,0.0,0.0,165000.0,2365000.0
35009,NM,391693.99517019314,391693.99517019314,53572.59,428626.49,551000.0,3416000.0
35011,NM,4219.52441792402,4219.52441792402,0.0,0.0,30000.0,70000.0
35013,NM,2241439.001284633,2241439.001284633,196897.82,490480.38,1500000.0,193000.0
35015,NM,337924.55092535575,337924.55092535575,0.0,20877.48,191900.0,652800.0
35017,NM,186312.60295876506,186312.60295876506,0.0,6723.08,0.0,5000.0
35019,NM,11345.510398324926,11345.510398324926,0.0,0.0,101000.0,1725000.0
35021,NM,5004.386200992104,5004.386200992104,0.0,0.0,0.0,0.0
35023,NM,7765.150311151362,7765.150311151362,0.0,0.0,0.0,0.0
35025,NM,70408.6824989967,70408.6824989967,23991.02,138042.8,0.0,165400.0
35027,NM,2052611.6189896537,2052611.6189896537,14830995.87,15368.08,3772500.0,294000.0
35028,NM,38105.528007381086,38105.528007381086,0.0,0.0,0.0,6050000.0
35029,NM,90685.00575683599,90685.00575683599,0.0,62607.44,25000.0,15000.0
35031,NM,182884.43885235902,182884.43885235902,0.0,5848.06,120000.0,1345000.0
35033,NM,24394.68483382711,24394.68483382711,459749.89,0.0,2785000.0,120000.0
35035,NM,353096.5006390113,353096.5006390113,21242.980000000003,521282.69,12000.0,200000.0
35037,NM,14005.06201284175,14005.06201284175,20320.69,0.0,501000.0,0.0
35039,NM,431495.25274117285,431495.25274117285,0.0,216813.52,940000.0,4487500.0
35041,NM,341725.0406153701,341725.0406153701,234930.06,50944.5,350000.0,2519000.0
35043,NM,1044154.0895408455,1044154.0895408455,70530.2,169842.72999999998,1095000.0,15295000.0
35045,NM,424936.7528285158,424936.7528285158,30678.82,487040.27999999997,2150000.0,4579000.0
35047,NM,341921.5439307058,341921.5439307058,713487.51,93293.55,3825000.0,1891000.0
35049,NM,130838.60522731749,130838.60522731749,63129.939999999995,826221.11,483000.0,2593100.0
35051,NM,312404.75113736506,312404.75113736506,7844.08,122541.32999999999,2400000.0,513000.0
35053,NM,1204735.9890985666,1204735.9890985666,146557.18,227812.52000000002,1310000.0,2875000.0
35055,NM,5343.05297177381,5343.05297177381,0.0,0.0,670000.0,82000.0
35057,NM,97845.07122298593,97845.07122298593,0.0,4797.45,260000.0,47500.0
35059,NM,2636.5710013923626,2636.5710013923626,0.0,0.0,75000.0,148000.0
35061,NM,1329475.0826772943,1329475.0826772943,449764.24,254753.21,810000.0,8020000.0
36001,NY,405827.3144453276,537593.7984903529,204559.57,2352532.39,344000.0,417000.0
36003,NY,1517913.3882010365,1517913.3882010365,32538.2,91841.3,50000.0,3476000.0
36005,NY,10998094.446553819,22227454.240949348,6914735.41,14869742.92,60000000.0,0.0
36007,NY,14745057.049926663,14745057.049926663,504217.58999999997,94342236.12,1449000.0,509146000.0
36009,NY,4243137.038634403,4243137.038634403,24509.1,533652.28,10000.0,8410000.0
36011,NY,114853.03277925107,117942.44058988191,276989.29,387607.24,1257000.0,3826000.0
36013,NY,3372045.102268861,3376635.943853619,1265294.96,2003816.97,150000.0,7554000.0
36015,NY,2145941.07056409,2145941.07056409,0.0,1510952.8,52000.0,2045000.0
36017,NY,7736846.030601739,7736846.030601739,118277.66,5758412.62,1105000.0,5548000.0
36019,NY,1403807.6628219646,1403807.6628219646,313402.26,3331013.81,930000.0,14391000.0
36021,NY,1088833.7820756878,1088833.7820756878,24869.96,1190985.6099999999,29000.0,0.0
36023,NY,2101303.2564962157,2101303.2564962157,13788.44,1389545.49,404000.0,1428000.0
36025,NY,13018039.67930379,13018039.67930379,175389.72999999998,16381752.96,5466000.0,20379000.0
36027,NY,1022590.3442288934,1063665.198599862,2874247.32,4984492.17,2588000.0,0.0
36029,NY,6507268.711630431,6597204.663916807,1963506.85,1665392.94,152000.0,2287000.0
36031,NY,3682138.2933722055,3682138.2933722055,295426.8,4679582.81,4510000.0,52491500.0
36033,NY,748889.1206635172,748889.1206635172,15000.0,104294.28,680000.0,15445000.0
36035,NY,115585.48181762689,115585.48181762689,58287.19,74367.92,41000.0,2000.0
36037,NY,132175.39927018885,132175.39927018885,361624.20999999996,776513.3099999999,0.0,385000.0
36039,NY,2095844.898145749,2127018.8306423314,399364.44,14465417.13,248500.0,181000.0
36041,NY,367946.14432160434,367946.14432160434,185796.81,454993.74999999994,2570500.0,1230000.0
36043,NY,1272762.6960578177,1272762.6960578177,154898.73,4934276.35,756000.0,3469000.0
36045,NY,624603.6452565817,624606.6379237927,105153.59,1629975.45,0.0,3760000.0
36047,NY,96587.20348551343,12796624.223719964,11671142.11,308578644.45,60000000.0,0.0
36049,NY,288571.07622966776,288571.07622966776,42528.159999999996,138593.57,10000.0,2769000.0
36051,NY,1192380.5935061343,1192380.5935061343,111316.23000000001,198872.45,0.0,981000.0
36053,NY,1698586.8044208714,1698586.8044208714,525613.57,3594976.07,130000.0,4169000.0
36055,NY,198547.53457090867,252235.16901784236,450154.82,1773633.84,53000.0,4360500.0
36057,NY,668601.3606481398,668601.3606481398,98960.12,4557175.33,265000.0,100000.0
36059,NY,924281.3701211172,3609846.669621192,38414405.53,2138821895.85,7960000.0,269500.0
36061,NY,3979592.775583319,12330214.644998195,3584309.29,112702680.66,114000000.0,0.0
36063,NY,176432.6962102478,200921.79358958686,394127.95,200751.66,205000.0,3530000.0
36065,NY,5386547.316157182,5386547.316157182,957688.65,13543188.19,283000.0,17215000.0
36067,NY,1507880.4302472603,1507880.4302472603,2166301.7,1527026.51,387000.0,23541000.0
36069,NY,1121890.9065188465,1121890.9065188465,733431.58,2355974.4299999997,0.0,2252000.0
36071,NY,2926498.5071275234,3346264.7162616346,2686113.78,14804799.89,10000000.0,6300000.0
36073,NY,17697.53330453601,17697.53330453601,61596.96000000001,60188.56,0.0,1125000.0
36075,NY,77997.38427775094,109873.09415597269,109882.77,1234872.93,10000.0,4729500.0
36077,NY,3277245.515680334,3277245.515680334,69408.68,2693006.0,307000.0,61575000.0
36079,NY,132671.13286941635,148310.83733575884,1426326.41,3208076.29,0.0,0.0
36081,NY,353110.078382435,4025499.9766532015,29548502.74,637925625.83,60000000.0,30000.0
36083,NY,3549612.5469362657,3549612.5469362657,747475.39,3709074.72,3119000.0,680000.0
36085,NY,10908635.590132419,11146585.471513957,6400217.68,241365887.93,60000000.0,0.0
36087,NY,186885.89234300973,3569310.0513528157,6546956.36,26636856.02,3130000.0,0.0
36089,NY,752456.7926972348,752456.7926972348,1096560.71,278859.75,7175000.0,5555000.0
36091,NY,1315520.3944588383,1315520.3944588383,96645.31,4906518.5,256500.0,178000.0
36093,NY,555737.4555965705,555737.4555965705,229529.01,6516764.4399999995,32000.0,5000.0
36095,NY,2017983.3975256146,2017983.3975256146,21844.35,27274736.94,103000.0,1000000.0
36097,NY,624124.19461948,624124.19461948,0.0,302417.98,20000.0,7947000.0
36099,NY,84493.62505948705,84493.62505948705,92608.75,486601.82,469000.0,1535000.0
36101,NY,4472569.151026454,4472569.151026454,708460.98,148323.85,99495000.0,1853000.0
36103,NY,3091395.1099111177,16333986.696027413,37837542.22,919745741.53,3885000.0,35200000.0
36105,NY,10109891.078580527,10109891.078580527,81629.78,2290379.71,95000.0,3330000.0
36107,NY,9949450.80303179,9949450.80303179,120591.73,46651038.65,453000.0,482814000.0
36109,NY,1426379.9946760363,1426379.9946760363,35282.45,255942.85,122000.0,2405000.0
36111,NY,2722464.3024611366,3678681.8282881905,991519.53,19516626.87,298500.0,6000.0
36113,NY,1571805.029778032,1571805.029778032,246277.41,1289843.94,505500.0,17688000.0
36115,NY,796224.0255805134,796224.0255805134,28976.420000000002,854792.35,32239000.0,113000.0
36117,NY,172002.00117292182,172005.547588752,33150.939999999995,1973189.27,0.0,5978000.0
36119,NY,522650.6130014222,1722736.186659048,127136967.36,67146661.64,92600000.0,60000.0
36121,NY,701674.4591799403,701674.4591799403,16765.190000000002,170985.5,10000.0,650000.0
36123,NY,1391693.303225554,1391693.303225554,204886.13,614827.66,202000.0,14116000.0
37001,NC,157115.28993769008,157115.28993769008,3674800.64,282550.19,32000.0,6280000.0
37003,NC,27016.495345684274,27016.495345684274,17342.08,24542.019999999997,463500.0,11000.0
37005,NC,120789.98901087695,120789.98901087695,330452.06,129742.28,5051300.0,510000.0
37007,NC,510879.9776894601,510879.9776894601,0.0,17592.6,0.0,35630000.0
37009,NC,547401.5205395599,547401.5205395599,6651507.11,211836.25,116529000.0,311000.0
37011,NC,1999110.200164908,1999110.200164908,12373853.17,27008.48,40206000.0,230000.0
37013,NC,140512.31377331633,1910665.9410737106,1280580.73,63891981.88,0.0,55500000.0
37015,NC,760332.9446079652,788487.037940095,17589.760000000002,10810297.02,0.0,11000000.0
37017,NC,1764329.345449671,1764332.7710455428,387663.25,7867882.48,32000.0,5200000.0
37019,NC,399214.08628079586,427663.5605939423,24179445.33,30661419.35,241000.0,5283000.0
37021,NC,7958913.653028834,7958913.653028834,84464287.63,2770130.01,601251000.0,2902000.0
37023,NC,735027.1447676355,735027.1447676355,9000407.27,120787.97,40694000.0,281500.0
37025,NC,967423.1740385917,967423.1740385917,1158246.31,1109540.66,239000.0,183500.0
37027,NC,287277.00259792194,287277.00259792194,1016251.47,155344.4,40293500.0,901000.0
37029,NC,40864.77557644005,227503.66286470956,238372.51,1780164.63,0.0,500000.0
37031,NC,130590.65422375157,158846.98273221904,1537191.71,76927502.82,0.0,10000.0
37033,NC,30990.290215045177,30990.290215045177,0.0,0.0,0.0,500000.0
37035,NC,393723.70136683463,393723.70136683463,2160650.6,2141560.44,60623000.0,6041000.0
37037,NC,246613.7392144911,246613.7392144911,1388732.67,542485.39,1678000.0,26430000.0
37039,NC,313926.2615845186,313926.2615845186,444011.89,150856.84,1000000.0,13000.0
37041,NC,75209.3485864591,203424.30558258947,74047.38,1056339.21,0.0,500000.0
37043,NC,86568.31818199046,86568.31818199046,67682.24,96299.29,0.0,0.0
37045,NC,15694.502083243271,15694.502083243271,296031.77,283218.26,3662500.0,20000.0
37047,NC,1630754.5290300355,1630756.0478922478,3301905.94,19139007.58,126000.0,2573000.0
37049,NC,73448.3161221659,74495.34460319715,137858.62,221631058.34,0.0,1000000.0
37051,NC,5567174.738762443,5567174.738762443,767546.69,22769151.92,105000.0,148554000.0
37053,NC,16953.38116241551,725103.0512580781,1092047.81,12749244.77,0.0,500000.0
37055,NC,4063045.5600843993,6354785.267961793,15097674.21,106646319.25,0.0,0.0
37057,NC,214457.3250230627,214457.3250230627,636946.99,509206.83999999997,38000.0,6531000.0
37059,NC,30693.581057666,30693.581057666,22226.66,97024.77999999998,75000.0,2000.0
37061,NC,30245.3855084467,30245.3855084467,57892.979999999996,49162599.26,0.0,1100000.0
37063,NC,400520.7963463587,400520.7963463587,5987675.93,2816285.71,296000.0,16375000.0
37065,NC,3739354.7448177687,3739354.7448177687,310124.07,16406162.07,0.0,109130000.0
37067,NC,47810.479509966004,47810.479509966004,717658.44,1869974.42,30000.0,305000.0
37069,NC,121478.24357360901,121478.24357360901,32053.05,0.0,53000.0,0.0
37071,NC,169452.92505392715,169452.92505392715,865853.38,213325.85,920000.0,2122500.0
37073,NC,64342.13068398478,83795.47562816282,0.0,232038.04,0.0,500000.0
37075,NC,35957.797134958266,35957.797134958266,2216.63,0.0,0.0,0.0
37077,NC,4721.661827479611,4721.661827479611,0.0,130616.34999999999,7000.0,25000.0
37079,NC,131871.3789292255,132885.17474054344,19284.46,1678211.56,0.0,0.0
37081,NC,587651.8363521599,587651.8363521599,1124915.96,3528235.58,405000.0,20895000.0
37083,NC,1431094.5040056054,1431094.5040056054,8691.11,430191.36,30000.0,94020000.0
37085,NC,875923.8933103816,875923.8933103816,98503.68000000001,2131837.02,25000.0,36705000.0
37087,NC,2274683.059310898,2274683.059310898,27823148.11,138362.82,400880000.0,21500.0
37089,NC,1819822.8265121975,1819822.8265121975,26875602.66,1042940.21,201450000.0,242500.0
37091,NC,411893.59875740536,421667.2983603344,46605.520000000004,1637374.74,0.0,250000.0
37093,NC,130446.64738890002,130446.64738890002,4465.17,584951.7100000001,10000.0,34885000.0
37095,NC,654007.9167137023,1771467.6241524739,226445.18,31613060.94,0.0,0.0
37097,NC,154139.5579969262,154139.5579969262,49754.52,279011.01,110500.0,386000.0
37099,NC,89866.14176160173,89866.14176160173,304071.12,185821.93,10136000.0,53000.0
37101,NC,1207423.61306808,1207423.61306808,1152644.05,8149430.34,257000.0,44796310.0
37103,NC,138903.97705876786,138929.50155323884,12160.25,14774034.89,0.0,6500000.0
37105,NC,387056.3304725941,387056.3304725941,109318.44,789188.37,53000.0,25955000.0
37107,NC,1922514.8601809028,1940096.1705131072,173444.41,33022846.24,0.0,0.0
37109,NC,137326.03769595435,137326.03769595435,112127.53,134314.38,416000.0,1300000.0
37111,NC,1060758.7055041373,1060758.7055041373,7795387.1,331213.83,106087000.0,864000.0
37113,NC,452288.61703701306,452288.61703701306,923879.72,184436.78,756000.0,5000.0
37115,NC,1662174.0534489602,1662174.0534489602,7893236.93,14776.81,35251000.0,2552000.0
37117,NC,47883.38007701609,54398.31592140549,43736.38,378143.23000000004,0.0,10000.0
37119,NC,752467.135935928,752467.135935928,15481416.47,9580992.98,27617000.0,2255000.0
37121,NC,333708.3028127639,333708.3028127639,1773824.19,135694.25999999998,30102000.0,615500.0
37123,NC,203647.06814779295,203647.06814779295,40846.8,48154.13,0.0,20617000.0
37125,NC,912646.8929933711,912646.8929933711,1189672.04,1521392.67,5175000.0,32345000.0
37127,NC,6656499.246235164,6656499.246235164,1374815.2,4969700.04,102000.0,233425000.0
37129,NC,654384.3594520509,697236.407582698,17324662.25,38378222.81,104000.0,7374000.0
37131,NC,114657.90007894272,114774.03389770485,0.0,112549.26,0.0,500000.0
37133,NC,497795.9195855304,516067.21655629744,558114.64,34370441.7,0.0,7000000.0
37135,NC,1319714.19090043,1319714.19090043,21149651.77,11099345.129999999,30790500.0,35783000.0
37137,NC,18585.483665039592,259234.90114725375,26547.14,77279644.32,0.0,10000.0
37139,NC,44771.08137454525,629062.6469187185,195811.68,2982513.72,0.0,250000.0
37141,NC,811595.5482407182,828812.9598561148,455228.02999999997,70661457.74,10000.0,6400000.0
37143,NC,19538.399591306217,148800.47306329242,4749.81,225479.63,0.0,200000.0
37145,NC,17179.71647984204,17179.71647984204,18255.48,8358.07,527000.0,60000.0
37147,NC,38118.85189749313,94295.12012029222,308731.48,8539141.96,50000.0,200000.0
37149,NC,98274.85248512818,98274.85248512818,3972244.9699999997,375952.05,15091000.0,438500.0
37151,NC,863664.4287401557,863664.4287401557,53316.96,186637.49,36000.0,31080000.0
37153,NC,628937.1415011558,628937.1415011558,1848.07,242281.87,5000.0,51845000.0
37155,NC,572655.6514725063,572655.6514725063,1921399.98,52021988.96,26000.0,4917000.0
37157,NC,324357.5425417452,324357.5425417452,124826.57,111383.29999999999,37000.0,3401000.0
37159,NC,64424.74076592734,64424.74076592734,590243.15,191375.24,103000.0,27500.0
37161,NC,496592.1665729599,496592.1665729599,6921326.38,497065.35000000003,35825500.0,45500.0
37163,NC,1365383.044358557,1365383.044358557,69200.96,5598603.83,5133000.0,67405000.0
37165,NC,437804.5898980888,437804.5898980888,113882.47,413908.76,25000.0,38410000.0
37167,NC,235087.0075680581,235087.0075680581,898466.11,1708701.94,25000.0,23905000.0
37169,NC,54008.575145526076,54008.575145526076,56370.46,19858.260000000002,1955000.0,1642000.0
37171,NC,118451.02146975623,118451.02146975623,100080.67000000001,0.0,666000.0,1023500.0
37173,NC,494045.5631066762,494045.5631066762,495697.77999999997,207286.71,610000.0,3621500.0
37175,NC,730660.519581995,730660.519581995,5696054.58,40213.89,61047000.0,238500.0
37177,NC,213895.55537999768,817971.7437560702,43405.06,8178253.63,0.0,0.0
37179,NC,17693.318771765757,17693.318771765757,465104.91000000003,682704.79,44500.0,180000.0
37181,NC,1241.203762032644,1241.203762032644,31721.659999999996,3491.87,21000.0,50000.0
37183,NC,3319893.068386159,3319893.068386159,1869107.88,8506138.28,909000.0,94281500.0
37185,NC,35735.67309597248,35735.67309597248,0.0,0.0,30000.0,250000.0
37187,NC,34057.93311225579,74379.06796551935,29781.47,1795237.98,0.0,1010000.0
37189,NC,2009867.643219808,2009867.643219808,13297172.84,1445845.06,250395000.0,8710000.0
37191,NC,13398516.279644916,13398516.279644916,560694.78,34187822.62,153000.0,196740000.0
37193,NC,827732.0690765115,827732.0690765115,567429.37,23085.480000000003,3968000.0,35000.0
37195,NC,2028730.2916502773,2028730.2916502773,2041262.71,4624877.02,357000.0,77300000.0
37197,NC,78221.46456987083,78221.46456987083,0.0,2109.5,185000.0,503000.0
37199,NC,37870.52703333715,37870.52703333715,8123590.42,94732.14,95105000.0,208000.0
38001,ND,837.1233435559759,837.1233435559759,0.0,0.0,0.0,30000.0
38003,ND,97985.03424858543,97985.03424858543,0.0,1068754.01,0.0,462000.0
38005,ND,227559.2298482073,227559.2298482073,0.0,6057507.74,600000.0,11058000.0
38007,ND,5401.482771155188,5401.482771155188,0.0,99156.7,0.0,90000.0
38009,ND,34546.68470630654,34546.68470630654,0.0,0.0,0.0,1171000.0
38011,ND,3011.8890658970226,3011.8890658970226,0.0,0.0,0.0,0.0
38013,ND,4921.84234107204,4921.84234107204,0.0,0.0,30000.0,150000.0
38015,ND,541286.2994144023,541286.2994144023,0.0,13935161.81,8875000.0,20425000.0
38017,ND,14970460.306337921,14970460.306337921,93409.2,927207.9,4756000.0,564500.0
38019,ND,130622.34826122422,130622.34826122422,0.0,0.0,2000.0,560000.0
38021,ND,13.46145765421861,13.46145765421861,0.0,0.0,50000.0,1125000.0
38025,ND,99161.03267716437,99161.03267716437,0.0,0.0,540000.0,2195000.0
38027,ND,21799.846663494813,21799.846663494813,0.0,13408.91,0.0,27000.0
38029,ND,29327.35690410111,29327.35690410111,55000.0,60410.9,600000.0,80000.0
38031,ND,32450.69889975949,32450.69889975949,0.0,52608.67,10000.0,1120000.0
38033,ND,30843.60866018674,30843.60866018674,0.0,0.0,140000.0,0.0
38035,ND,11508667.699520007,11508667.699520007,139324.1,573299.29,3227000.0,10397000.0
38037,ND,0.0603192879235675,0.0603192879235675,0.0,0.0,150000.0,125000.0
38039,ND,21873.82645630024,21873.82645630024,0.0,17657.18,0.0,160000.0
38041,ND,40808.03205427069,40808.03205427069,0.0,0.0,50000.0,45000.0
38045,ND,18876.194892423588,18876.194892423588,0.0,5488.38,500000.0,56000.0
38047,ND,2794.266346291034,2794.266346291034,7102.61,252919.84,0.0,359000.0
38049,ND,649439.2227627686,649439.2227627686,0.0,554258.13,140000.0,5195000.0
38051,ND,165.9407380751504,165.9407380751504,0.0,0.0,20000.0,225000.0
38053,ND,275247.3675964792,275247.3675964792,0.0,0.0,0.0,5600000.0
38055,ND,157266.74725462604,157266.74725462604,0.0,0.0,0.0,5040000.0
38057,ND,54691.16014935211,54691.16014935211,17679.1,110830.4,70000.0,3568000.0
38059,ND,497083.9871970208,497083.9871970208,0.0,2441586.32,500000.0,10270000.0
38061,ND,17056.418808337956,17056.418808337956,0.0,0.0,110000.0,619000.0
38063,ND,42750.41267045855,42750.41267045855,0.0,143639.53,0.0,10580500.0
38065,ND,11378.296899603263,11378.296899603263,0.0,0.0,35000.0,520000.0
38067,ND,1148876.5758467764,1148876.5758467764,17551.390000000003,211266.56,1044000.0,13655000.0
38069,ND,616.0508354570095,616.0508354570095,0.0,0.0,35000.0,0.0
38071,ND,1533801.1732075738,1533801.1732075738,0.0,8936727.77,0.0,11300500.0
38073,ND,32928.83064711462,32928.83064711462,10364.37,206078.19999999998,64000.0,285500.0
38075,ND,112705.57505829805,112705.57505829805,0.0,91073.41,0.0,6256000.0
38077,ND,11521851.671833798,11521851.671833798,6282.46,185275.78,390000.0,462500.0
38079,ND,29735.464660591984,29735.464660591984,0.0,0.0,20000.0,200000.0
38081,ND,14.369244474821102,14.369244474821102,0.0,87722.32999999999,0.0,235000.0
38085,ND,16669.788451644323,16669.788451644323,0.0,0.0,0.0,1300000.0
38087,ND,124.62153154797286,124.62153154797286,0.0,0.0,0.0,0.0
38089,ND,12269.01516652051,12269.01516652051,8708.62,62665.04,500000.0,740000.0
38091,ND,0.5139019268128723,0.5139019268128723,0.0,0.0,0.0,10630000.0
38093,ND,38914.868560431765,38914.868560431765,3581.33,192377.14,715000.0,1180000.0
38095,ND,927.5052403549995,927.5052403549995,0.0,270500.0,0.0,240000.0
38097,ND,920270.7952164764,920270.7952164764,35611.25,84538.89,50000.0,10305000.0
38099,ND,968736.769812781,968736.769812781,55817.380000000005,189409.04,2300000.0,581000.0
38101,ND,1920935.5156451496,1920935.5156451496,100959.39,68095232.89,90000.0,107643000.0
38103,ND,41006.363580631325,41006.363580631325,0.0,0.0,470000.0,1269000.0
38105,ND,9084.06715199083,9084.06715199083,148073.35,26210.8,800000.0,995000.0
39001,OH,2174100.1652883766,2174100.1652883766,34252.15,317051.18,56000.0,1644000.0
39003,OH,64898.872675424725,64898.872675424725,17013.78,2521203.04,0.0,100000.0
39005,OH,876236.054220179,876236.054220179,41504.85,199343.94,515000.0,890000.0
39007,OH,740175.8836724592,754796.2143700551,140622.40000000002,224079.93999999997,15500000.0,980000.0
39009,OH,1812319.632282608,1812319.632282608,691086.46,466993.74,77000.0,666500.0
39011,OH,100766.03733117189,100766.03733117189,2003.57,2020821.03,0.0,989000.0
39013,OH,3408915.5832689367,3408915.5832689367,291078.42,1476695.69,182000.0,2000000.0
39015,OH,1049549.2925622212,1049549.2925622212,138331.43,172846.03,95000.0,3366000.0
39017,OH,369592.69607594056,369592.69607594056,857156.7,417114.54,296000.0,107500.0
39019,OH,210332.3029847463,210332.3029847463,0.0,0.0,35000.0,598000.0
39021,OH,176493.02209739172,176493.02209739172,15460.38,38155.82,5000.0,17000.0
39023,OH,45586.177979031745,45586.177979031745,697980.71,2994970.16,41000.0,298000.0
39025,OH,768087.3911826375,768087.3911826375,790404.66,1053379.4,50000.0,168000.0
39027,OH,6759.4411586721935,6759.4411586721935,149366.6,42038.75,20000.0,5000.0
39029,OH,566695.6883023069,566695.6883023069,7478.84,38473.83,750000.0,568000.0
39031,OH,1424483.9111794839,1424483.9111794839,7887.47,53226.22,19000.0,315000.0
39033,OH,465842.94054660527,465842.94054660527,254464.62,887236.57,170000.0,2467000.0
39035,OH,4975566.179752497,4999440.2472533,5401542.41,11100760.25,5952000.0,45002000.0
39037,OH,1044070.371033721,1044070.371033721,30000.0,98355.98000000001,0.0,72000.0
39039,OH,18540.678764453794,18540.678764453794,0.0,274893.57,0.0,500000.0
39041,OH,75542.69265091399,75542.69265091399,202267.68,214101.39,5000.0,27500.0
39043,OH,2243211.9175549587,2525807.237734607,681950.99,1194643.21,2570000.0,688000.0
39045,OH,97554.79977301587,97554.79977301587,512652.55000000005,653617.6699999999,395000.0,9000.0
39047,OH,92698.37374925413,92698.37374925413,9795.27,0.0,0.0,14000.0
39049,OH,330946.8065082893,330946.8065082893,2172475.58,979874.53,211000.0,176000.0
39051,OH,84490.81088372794,84490.81088372794,21861.980000000003,52613.5,1000.0,0.0
39053,OH,667470.2272677897,667470.2272677897,43533.55,538207.28,60750.0,1623000.0
39055,OH,215300.19718895917,215300.19718895917,756678.73,455517.38,0.0,4885000.0
39057,OH,161063.12896729485,161063.12896729485,448645.2,498263.95,109500.0,23000.0
39059,OH,747127.3433323337,747127.3433323337,130190.73,107851.0,10000.0,119000.0
39061,OH,2092373.7308550552,2092373.7308550552,7067197.08,9577555.53,640000.0,4563600.0
39063,OH,3831597.2344130757,3831597.2344130757,93481.85,4496226.73,1210000.0,16155000.0
39065,OH,53655.872154969955,53655.872154969955,0.0,233649.09999999998,0.0,27000.0
39067,OH,112362.05686563531,112362.05686563531,113124.73,28232.78,157000.0,172000.0
39069,OH,18423.81473307423,18423.81473307423,0.0,259880.66999999998,0.0,0.0
39071,OH,113721.4400574779,113721.4400574779,0.0,0.0,160000.0,361000.0
39073,OH,502507.53386955993,502507.53386955993,165785.47999999998,941373.65,45000.0,790000.0
39075,OH,1616506.7642258203,1616506.7642258203,4978.54,252868.7,25000.0,1200000.0
39077,OH,594529.7533452116,594529.7533452116,10962.13,223453.57,25000.0,1365000.0
39079,OH,1072865.941789739,1072865.941789739,215057.35,1351290.86,5500.0,9267500.0
39081,OH,1863712.4197557596,1863712.4197557596,327224.27,338860.23,50000.0,1240000.0
39083,OH,955793.6070528622,955793.6070528622,30134.58,137854.82,0.0,681000.0
39085,OH,1888839.8996595573,1940304.133762006,527353.86,2459521.82,130000.0,7747000.0
39087,OH,1413586.1621415683,1413586.1621415683,189469.68,1452955.57,41500.0,15305000.0
39089,OH,500897.35379731574,500897.35379731574,2643133.98,527735.2,1071000.0,66000.0
39091,OH,381537.45359617297,381537.45359617297,2724.18,653900.56,14000.0,1235000.0
39093,OH,1686475.4057854312,1740205.782690349,2172377.09,3308379.17,4512000.0,31366000.0
39095,OH,2012467.4050020222,2097617.118083225,33513.32,1679405.54,175000.0,25361000.0
39097,OH,83876.31728159769,83876.31728159769,76304.56,18118.45,10000.0,2250.0
39099,OH,1499405.9573979578,1499405.9573979578,149961.91999999998,915583.57,4850000.0,6500000.0
39101,OH,214121.47126764889,214121.47126764889,38210.99,2674245.71,150000.0,1500000.0
39103,OH,1457675.780338573,1457675.780338573,62636.18,3469274.32,1480000.0,16240000.0
39105,OH,924971.7299943259,924971.7299943259,49294.17,463647.28,84250.0,1030000.0
39107,OH,2689556.6919723307,2689556.6919723307,0.0,650221.97,5000.0,1055000.0
39109,OH,223919.06294345768,223919.06294345768,10138.75,1412848.49,0.0,1394000.0
39111,OH,1084346.5696342469,1084346.5696342469,7635.39,6375.08,16000.0,135000.0
39113,OH,138377.0869085148,138377.0869085148,316213.47,562908.9299999999,93000.0,351500.0
39115,OH,337751.3922397595,337751.3922397595,265893.3,178238.74,55500.0,96000.0
39117,OH,323212.0278527832,323212.0278527832,7997.6,62086.65,0.0,727000.0
39119,OH,1265542.0984492104,1265542.0984492104,857445.73,116378.89,193000.0,397000.0
39121,OH,927675.7536335075,927675.7536335075,96407.07,18670.96,98000.0,161000.0
39123,OH,633976.6746111593,633976.6746111593,1539501.83,1292567.04,1900000.0,5750000.0
39125,OH,1.1460994935413482,1.1460994935413482,24632.28,102341.98999999999,0.0,0.0
39127,OH,509669.14359447395,509669.14359447395,11676.0,927312.75,16250.0,681000.0
39129,OH,470180.5808329513,470180.5808329513,152125.65,1782.53,45000.0,25000.0
39131,OH,681707.7989435862,681707.7989435862,50740.42,6512.759999999999,135000.0,47000.0
39133,OH,827613.1017829985,827613.1017829985,179846.5,547925.18,865000.0,2665500.0
39135,OH,157432.58064781362,157432.58064781362,3962.33,92027.84999999999,103000.0,25000.0
39137,OH,39425.93376902433,39425.93376902433,1738.7,645819.6900000001,1000.0,0.0
39139,OH,2437035.4630957884,2437035.4630957884,0.0,2837366.1,32000.0,7121000.0
39141,OH,659233.0404856579,659233.0404856579,89231.46,86463.03,107000.0,50000.0
39143,OH,670086.8722941207,692688.4545670548,103091.48,186921.5,150000.0,1190000.0
39145,OH,1333710.0560055426,1333710.0560055426,154501.47,458418.19,231000.0,584000.0
39147,OH,236108.61100402346,236108.61100402346,35260.63,878204.09,250000.0,1710000.0
39149,OH,324770.37859507854,324770.37859507854,84116.4,1264504.52,4000.0,159000.0
39151,OH,4511311.778755567,4511311.778755567,657681.62,4344420.44,2042000.0,14477000.0
39153,OH,6086553.019328319,6086553.019328319,1857743.6,7463619.06,2195000.0,45480000.0
39155,OH,6627103.2277099015,6627103.2277099015,165259.62,1092113.03,595000.0,7625000.0
39157,OH,1666831.3180882067,1666831.3180882067,31362.7,211860.86,54000.0,343000.0
39159,OH,450833.91405489005,450833.91405489005,39343.53,129406.32,0.0,8000.0
39161,OH,8667.96779916775,8667.96779916775,0.0,195547.06,0.0,425000.0
39163,OH,238510.1721538822,238510.1721538822,0.0,21753.84,46350.0,3019500.0
39165,OH,394872.1504237605,394872.1504237605,332973.44,668524.89,153000.0,306000.0
39167,OH,3156071.6984260436,3156071.6984260436,496282.17,1003196.98,106850.0,1027500.0
39169,OH,745351.6961883919,745351.6961883919,551879.8200000001,2036426.52,860000.0,9680000.0
39171,OH,225862.77722859808,225862.77722859808,2359.05,56636.33,0.0,0.0
39173,OH,199637.48380966636,199637.48380966636,93253.41,347549.51,20000.0,687000.0
39175,OH,98628.78460943355,98628.78460943355,16969.510000000002,1036666.81,65000.0,915000.0
40001,OK,351483.9283265961,351483.9283265961,92293.43,900689.6,0.0,85000.0
40003,OK,155628.68843698638,155628.68843698638,0.0,21332.48,0.0,0.0
40005,OK,34667.01613609499,34667.01613609499,0.0,94800.0,25000.0,400000.0
40007,OK,4536.993557197187,4536.993557197187,0.0,0.0,0.0,30000.0
40009,OK,50166.002468074,50166.002468074,0.0,10972.48,0.0,807000.0
40011,OK,78449.05099670072,78449.05099670072,0.0,0.0,0.0,0.0
40013,OK,134386.66658255967,134386.66658255967,27588.69,918520.88,0.0,96000.0
40015,OK,658635.3040818779,658635.3040818779,74326.45999999999,350818.38,0.0,705000.0
40017,OK,509672.7323624946,509672.7323624946,170557.76,1203177.9,15000.0,92000.0
40019,OK,305628.6026531666,305628.6026531666,508338.34,1691046.1099999999,60000.0,5120000.0
40021,OK,241674.05009236882,241674.05009236882,309889.30000000005,1350219.65,0.0,160000.0
40023,OK,20879.782723401266,20879.782723401266,70891.65,160458.6,0.0,50000.0
40025,OK,2553.6640051343816,2553.6640051343816,0.0,0.0,0.0,0.0
40027,OK,112576.78203700544,112576.78203700544,799026.48,3400371.47,510000.0,1095000.0
40029,OK,9499.303563592799,9499.303563592799,0.0,8467.43,0.0,20000.0
40031,OK,350835.640231908,350835.640231908,2918420.4,16016991.91,365000.0,1765000.0
40033,OK,3236.879801498559,3236.879801498559,59622.119999999995,66326.12999999999,0.0,0.0
40035,OK,414951.5848751865,414951.5848751865,3957.16,1224252.17,0.0,50000.0
40037,OK,424407.4484209901,424407.4484209901,12956.13,9721.32,0.0,55000.0
40039,OK,77224.59567460314,77224.59567460314,0.0,153477.96,5000.0,180000.0
40041,OK,224467.44437459213,224467.44437459213,26952.63,1324523.17,0.0,125000.0
40043,OK,230.83519200704723,230.83519200704723,0.0,0.0,0.0,0.0
40045,OK,815.1423376692456,815.1423376692456,0.0,2254.15,0.0,0.0
40047,OK,214083.63648682286,214083.63648682286,16951.15,137140.53,25000.0,50000.0
40049,OK,143026.8988862504,143026.8988862504,56321.66,1000418.66,40000.0,225000.0
40051,OK,643498.669041605,643498.669041605,0.0,1095719.33,75000.0,110000.0
40053,OK,5573.123595421252,5573.123595421252,0.0,0.0,0.0,0.0
40055,OK,13568.757071204807,13568.757071204807,15866.28,19393.19,0.0,85000.0
40057,OK,45168.8818963707,45168.8818963707,0.0,85263.86,0.0,0.0
40059,OK,13279.053166200112,13279.053166200112,0.0,0.0,0.0,0.0
40061,OK,19185.817267340026,19185.817267340026,0.0,125319.07,0.0,660000.0
40063,OK,75988.59218782629,75988.59218782629,0.0,6107.22,0.0,30000.0
40065,OK,115886.15771559309,115886.15771559309,0.0,1354.2,0.0,75000.0
40067,OK,5642.955948070254,5642.955948070254,0.0,0.0,0.0,0.0
40069,OK,4886.290834501453,4886.290834501453,0.0,222969.86,185000.0,150000.0
40071,OK,434548.2693920282,434548.2693920282,74362.47,488775.52999999997,10000.0,45000.0
40073,OK,146374.41908397817,146374.41908397817,0.0,94712.55,30000.0,0.0
40075,OK,60557.59601249517,60557.59601249517,12460.89,346154.2,0.0,10000.0
40077,OK,80706.60999208037,80706.60999208037,30000.0,16010.2,0.0,25000.0
40079,OK,2331811.89357636,2331811.89357636,414638.08,830482.04,145000.0,530000.0
40081,OK,140373.96470056966,140373.96470056966,0.0,2733.65,50000.0,730000.0
40083,OK,63974.56400024585,63974.56400024585,45113.53,1146543.14,50000.0,40000.0
40085,OK,7815.236581895604,7815.236581895604,0.0,9956.3,0.0,0.0
40087,OK,131285.47479522764,131285.47479522764,60937.72,562973.68,0.0,30000.0
40089,OK,1181005.6968375724,1181005.6968375724,190087.77,519066.65,0.0,130000.0
40091,OK,228753.93679787745,228753.93679787745,48273.12,0.0,20000.0,325000.0
40093,OK,50249.020225769986,50249.020225769986,0.0,3995.16,0.0,10000.0
40095,OK,34674.44501975807,34674.44501975807,0.0,0.0,50000.0,0.0
40097,OK,146295.78475405846,146295.78475405846,7222.66,1651153.21,0.0,15000.0
40099,OK,10425.376542137863,10425.376542137863,23626.54,0.0,0.0,2000.0
40101,OK,338063.62685595773,338063.62685595773,3919707.5300000003,9713767.7,20000.0,435000.0
40103,OK,62711.69883784207,62711.69883784207,0.0,18956.37,0.0,2000.0
40105,OK,122578.9046150877,122578.9046150877,0.0,257703.57,0.0,60000.0
40107,OK,103307.53018834218,103307.53018834218,0.0,4170.03,155000.0,200000.0
40109,OK,600454.2287984219,600454.2287984219,1200868.08,15329072.14,220000.0,6730000.0
40111,OK,134771.95673516073,134771.95673516073,1474474.65,1496778.09,140000.0,335000.0
40113,OK,466504.66659263737,466504.66659263737,32396.05,534331.9,0.0,922000.0
40115,OK,2782393.9500681995,2782393.9500681995,3632.56,5480601.57,0.0,120000.0
40117,OK,64213.83006762386,64213.83006762386,0.0,9034.56,65000.0,50000.0
40119,OK,61476.134320375895,61476.134320375895,64290.78999999999,459815.13,15000.0,25000.0
40121,OK,108958.62283875525,108958.62283875525,131894.24,275640.36,70000.0,210000.0
40123,OK,60993.163818832196,60993.163818832196,598483.34,81388.14,30000.0,45000.0
40125,OK,133418.51200475643,133418.51200475643,179048.31,700547.41,215000.0,525000.0
40127,OK,2563.8933431691453,2563.8933431691453,0.0,0.0,0.0,25000.0
40129,OK,29696.72487737262,29696.72487737262,0.0,0.0,0.0,40000.0
40131,OK,172608.2179595826,172608.2179595826,89558.75,2439879.33,35000.0,350000.0
40133,OK,34484.38440642733,34484.38440642733,593967.65,443523.71,120000.0,5000.0
40135,OK,391092.2162222635,391092.2162222635,235610.16999999998,874992.21,85000.0,215000.0
40137,OK,179194.1618070424,179194.1618070424,298183.08999999997,111375.66,45000.0,105000.0
40139,OK,99590.50974951102,99590.50974951102,125348.38,0.0,0.0,0.0
40141,OK,17425.828890975183,17425.828890975183,0.0,11140.47,60000.0,0.0
40143,OK,606745.8878300972,606745.8878300972,1816899.54,19759936.71,2160000.0,495000.0
40145,OK,399801.03125692724,399801.03125692724,288775.75,3934822.5100000002,35000.0,50000.0
40147,OK,160028.82809793076,160028.82809793076,0.0,2202380.22,0.0,50000.0
40149,OK,11216.88660604643,11216.88660604643,94640.72,9968.49,0.0,10000.0
40151,OK,10302.266201762879,10302.266201762879,0.0,0.0,0.0,0.0
40153,OK,63860.61861649143,63860.61861649143,0.0,84432.59,0.0,0.0
41001,OR,13910.040949492706,13910.040949492706,0.0,4278.08,0.0,270000.0
41003,OR,2438105.350479926,2438105.350479926,1500.0,159117.56,0.0,3010000.0
41005,OR,3712829.5986893,3713448.30466682,2966887.33,2587189.69,0.0,20509000.0
41007,OR,2062207.2543439474,17133570.565433513,132547.25,162814.2,0.0,0.0
41009,OR,3517534.8862000653,3864776.9492006777,0.0,835706.68,25000.0,3283000.0
41011,OR,4215835.632835154,16206563.68243045,805044.3300000001,408043.42,0.0,0.0
41013,OR,49345.75823487474,49345.75823487474,0.0,1989.16,0.0,35000.0
41015,OR,3494552.3363188882,3653640.3296402167,331962.1,772094.79,0.0,4000000.0
41017,OR,36171.16279238752,36171.16279238752,0.0,137022.66999999998,0.0,6000.0
41019,OR,9723896.457734672,11261613.656978682,2112695.65,104272.1,0.0,0.0
41021,OR,4938.990954276912,4938.990954276912,0.0,0.0,0.0,50000.0
41023,OR,204219.49223305486,204219.49223305486,0.0,3409.23,0.0,2088000.0
41025,OR,9708.925548253668,9708.925548253668,106997.12,35818.7,1000000.0,0.0
41027,OR,215628.20080192972,215628.20080192972,0.0,0.0,0.0,0.0
41029,OR,2749955.0202567913,2749955.0202567913,104186.44,157295.54,0.0,0.0
41031,OR,13105.901084161313,13105.901084161313,0.0,0.0,0.0,0.0
41033,OR,2904298.5434612636,2904298.5434612636,130283.01,65418.65,0.0,4000000.0
41035,OR,1745164.92274823,1745164.92274823,0.0,0.0,25000.0,0.0
41037,OR,1189174.128659726,1189174.128659726,0.0,29027.73,0.0,0.0
41039,OR,3655071.096204035,4640279.618315533,124261.83,1248472.24,35000.0,3894000.0
41041,OR,2923153.481442605,4088324.2821945096,268013.73,1206010.77,0.0,5128000.0
41043,OR,1178729.5979266095,1178729.5979266095,12438.96,805873.47,0.0,1000000.0
41045,OR,34749.55062015783,34749.55062015783,86618.65,21168.32,0.0,0.0
41047,OR,2712559.497112937,2712559.497112937,240528.93,2621338.82,0.0,1000000.0
41049,OR,96863.89305177958,96863.89305177958,0.0,2277.18,0.0,169000.0
41051,OR,1770790.4513109694,1899971.0619560718,148749.29,699015.3200000001,0.0,1117000.0
41053,OR,326614.53316676983,326614.53316676983,98607.98,119736.19,0.0,3395000.0
41055,OR,5831.152927679904,5831.152927679904,0.0,0.0,0.0,0.0
41057,OR,4734290.412510834,6906020.345256971,180146.61000000002,2171865.18,160000.0,762000.0
41059,OR,1240654.7723093352,1240654.7723093352,1334299.17,149274.38,39700000.0,14210000.0
41061,OR,155567.07968730663,155567.07968730663,45430.14,47970.259999999995,750000.0,2300000.0
41063,OR,1582972.7358112717,1582972.7358112717,0.0,1709.23,129000.0,60000.0
41065,OR,72711.35624250286,72711.35624250286,0.0,0.0,0.0,0.0
41067,OR,1309506.6940559163,1309506.6940559163,77880.45999999999,1335364.51,14000.0,2766000.0
41069,OR,63001.63075553908,63001.63075553908,0.0,0.0,0.0,1005000.0
41071,OR,267891.86984543304,267891.86984543304,29086.4,87126.09000000001,0.0,2000000.0
42001,PA,119513.82123539472,119513.82123539472,618632.02,3728833.51,0.0,84000.0
42003,PA,1332362.670979044,1332362.670979044,4793838.24,22224030.64,2074000.0,16846600.0
42005,PA,356063.5352124514,356063.5352124514,30474.73,2374741.91,238000.0,154000.0
42007,PA,3393772.4786774204,3393772.4786774204,1167853.19,3665679.42,138000.0,2503500.0
42009,PA,93387.32778005092,93387.32778005092,1508235.21,1257485.45,0.0,200000.0
42011,PA,3364299.087124838,3364299.087124838,7896113.44,3205280.1,330000.0,54000.0
42013,PA,91150.63513713687,91150.63513713687,623963.99,1406359.9,0.0,10000.0
42015,PA,8694286.379659694,8694286.379659694,36473.4,19450852.23,1228500.0,40891000.0
42017,PA,10548495.048868401,11151390.001268152,20329617.93,16629312.19,51210000.0,1160000.0
42019,PA,866804.2240296496,866804.2240296496,1608054.33,3596051.06,99000.0,10612500.0
42021,PA,23948.733373181974,23948.733373181974,547746.83,313466.63,0.0,270000.0
42023,PA,21552.41526548057,21552.41526548057,0.0,53178.66,0.0,200000.0
42025,PA,634101.307519367,634101.307519367,69516.54000000001,78919.73,0.0,10000.0
42027,PA,403442.1207293704,403442.1207293704,18658.09,411429.37,0.0,6700000.0
42029,PA,1999474.2125489027,1999474.2125489027,15650679.459999999,7204064.44,41150000.0,3700000.0
42031,PA,473188.3980067187,473188.3980067187,4076.75,515362.55,197000.0,136000.0
42033,PA,326762.56086466496,326762.56086466496,92183.27,4142194.6999999997,0.0,3200000.0
42035,PA,196549.43744865907,196549.43744865907,158687.78999999998,584706.31,0.0,2300000.0
42037,PA,1078378.696032011,1078378.696032011,101430.13,41630998.23,0.0,16315000.0
42039,PA,6249855.138025058,6249855.138025058,155205.86000000002,295649.38,320000.0,3475000.0
42041,PA,168049.58850700123,168049.58850700123,378771.57,6365612.5,0.0,1005000.0
42043,PA,17552379.86413946,17552379.86413946,370891.64,53805372.86,100000.0,150710000.0
42045,PA,3421243.5366595755,7672397.887116717,14745741.63,19371659.36,30450000.0,7500000.0
42047,PA,21353.935545001495,21353.935545001495,93570.09,5321830.33,0.0,200000.0
42049,PA,1758080.766802839,1792816.5946537133,1090179.09,954740.74,5930000.0,3527000.0
42051,PA,1468807.2583124596,1468807.2583124596,265197.11,6141685.46,45000.0,8141000.0
42053,PA,10807.843847107026,10807.843847107026,371.82,168908.12,0.0,12000.0
42055,PA,434431.6276106304,434431.6276106304,35349.49,158225.3,0.0,35000.0
42057,PA,11174.637842473558,11174.637842473558,12669.67,0.0,0.0,0.0
42059,PA,1111510.9734719056,1111510.9734719056,125472.19,998635.63,17000.0,75500.0
42061,PA,86808.4001033234,86808.4001033234,187057.30000000002,275098.09,0.0,15000.0
42063,PA,485123.53911548626,485123.53911548626,345286.85,1098100.6099999999,52000.0,246000.0
42065,PA,2384863.5846216814,2384863.5846216814,0.0,925781.22,33000.0,3386000.0
42067,PA,86759.82163859336,86759.82163859336,102357.86,73089.03,0.0,0.0
42069,PA,8341241.165998957,8341241.165998957,1229323.26,635941.42,13861000.0,1042000.0
42071,PA,1903497.125522584,1903497.125522584,2937378.32,18704270.01,10000.0,820000.0
42073,PA,146435.65696754662,146435.65696754662,269034.83,257146.08,1138000.0,356000.0
42075,PA,310476.5189228978,310476.5189228978,227377.33,11663202.03,0.0,2000000.0
42077,PA,1730051.3909457386,1730051.3909457386,3539394.23,1514858.22,20006000.0,700000.0
42079,PA,14611587.203421386,14611587.203421386,1473233.98,63564647.08,6438000.0,48211000.0
42081,PA,2790078.848017888,2790078.848017888,1345293.07,24904437.62,0.0,37555000.0
42083,PA,2351705.2759837974,2351705.2759837974,2248.5,50084.5,0.0,200000.0
42085,PA,66750.45114810637,66750.45114810637,29204.97,140205.11,75000.0,340000.0
42087,PA,26350.406878287868,26350.406878287868,68188.85,150875.34,0.0,100000.0
42089,PA,7559287.2066098675,7559287.2066098675,2632579.1,569000.85,100000.0,300000.0
42091,PA,7326349.097696744,7326349.097696744,62671542.91,36288452.93,62094000.0,2860000.0
42093,PA,24412.533388743337,24412.533388743337,2032.47,2611514.8,0.0,100000.0
42095,PA,5159972.619419771,5159972.619419771,2932121.4,2561223.46,50070000.0,3350000.0
42097,PA,119931.10440143492,119931.10440143492,25188.309999999998,10007858.12,0.0,605000.0
42099,PA,53165.9681939276,53165.9681939276,124495.86,2717006.11,0.0,10500.0
42101,PA,4259436.3609133335,19648237.235122263,26858523.88,7802271.37,100000000.0,2160020.0
42103,PA,1107738.3855600148,1107738.3855600148,14235.39,109321.76000000001,92000.0,50000.0
42105,PA,60166.90156061017,60166.90156061017,642887.2,40732.06,0.0,800000.0
42107,PA,290207.7721482023,290207.7721482023,415479.51,13976652.38,0.0,4025000.0
42109,PA,75031.54777860761,75031.54777860761,8024.24,4627288.75,0.0,230000.0
42111,PA,135538.12317443214,135538.12317443214,327975.7,724376.91,55000.0,1000000.0
42113,PA,551932.5051482709,551932.5051482709,122274.31,3348467.6,0.0,10830000.0
42115,PA,3412169.213864299,3412169.213864299,97140.47,7765817.0200000005,670000.0,4701000.0
42117,PA,398958.2172094269,398958.2172094269,2122845.7600000002,380029.10000000003,300000.0,450000.0
42119,PA,1031082.2581136255,1031082.2581136255,381091.76,2663156.59,25000.0,805000.0
42121,PA,3236427.346851092,3236427.346851092,52591.259999999995,303862.16000000003,146700.0,340000.0
42123,PA,2130832.6948165903,2130832.6948165903,39696.93,180441.03,0.0,1002500.0
42125,PA,1189819.7401376301,1189819.7401376301,5543493.84,6985455.19,678000.0,726500.0
42127,PA,3262818.026997938,3262818.026997938,185218.4,585749.71,633000.0,465000.0
42129,PA,2137375.5989157497,2137375.5989157497,2190939.7,6258492.91,566000.0,4025500.0
42131,PA,3218398.1899640593,3218398.1899640593,78456.98999999999,18067142.64,580000.0,48185000.0
42133,PA,731150.2281976233,731150.2281976233,2244669.79,10832994.56,0.0,4710000.0
44001,RI,470092.08459362626,679396.988825225,874154.61,2725360.21,0.0,5974000.0
44003,RI,1619122.9409367759,1637381.4804539976,2765186.85,15647426.11,0.0,27225000.0
44005,RI,329244.276007661,924470.5742668781,2754690.01,5831108.66,74000.0,3545000.0
44007,RI,1903318.178609087,2060600.862477672,9672319.06,19645211.37,1080500.0,28393000.0
44009,RI,1783915.5094626565,3669028.898845652,1868021.78,41593401.42,3300.0,24827000.0
45001,SC,1060.791133584182,1060.791133584182,27580.940000000002,0.0,55000.0,12500.0
45003,SC,36868.41681124445,36868.41681124445,36477.02,112755.01,11000.0,419710.0
45005,SC,8178.3339398680055,8178.3339398680055,277667.74,0.0,0.0,55000.0
45007,SC,75746.87462116766,75746.87462116766,494268.5,109939.93000000001,1353000.0,117000.0
45009,SC,821.5596539160317,821.5596539160317,1451443.1900000002,149796.47,10000.0,9000.0
45011,SC,714.4341387199217,714.4341387199217,25123.89,12302.61,0.0,4200.0
45013,SC,27867.41550084597,117766.60756123197,2626999.1,71419687.57,10000.0,11500.0
45015,SC,343481.6382516248,370155.8971544475,1923198.26,6045785.39,40000.0,4680840.0
45017,SC,59605.7175834181,59605.7175834181,0.0,0.0,0.0,10767000.0
45019,SC,1627889.275891341,2017797.7553036083,12862536.1,104862646.47,205000.0,19319750.0
45021,SC,35935.332437887024,35935.332437887024,5065.83,2954.24,160000.0,1000.0
45023,SC,12750.340241538433,12750.340241538433,31846.49,27227.65,50000.0,50000.0
45025,SC,4908.7033448754155,4908.7033448754155,0.0,166229.34,1200.0,78910.0
45027,SC,288224.071367481,288224.071367481,4148.26,530082.55,20000.0,17200000.0
45029,SC,102508.2217171129,117541.01765470837,2298435.94,3974187.27,380000.0,2053880.0
45031,SC,65451.99192900938,65451.99192900938,160228.36,910906.29,0.0,1355000.0
45033,SC,271501.7726847304,271501.7726847304,174581.42,4592911.82,5000.0,2570000.0
45035,SC,412728.0228816571,418412.5034796504,3573168.26,12745093.96,320000.0,6759400.0
45037,SC,780.4058761105143,780.4058761105143,311654.48,30701.989999999998,41400.0,16000.0
45039,SC,33007.4880543828,33007.4880543828,549539.31,321744.6,5000.0,1004000.0
45041,SC,409937.6609521651,409937.6609521651,1211063.36,5078788.81,21000.0,13279000.0
45043,SC,229995.72555817434,264152.81291462434,24712687.59,28596468.48,35000.0,1952000.0
45045,SC,405944.70396820654,405944.70396820654,5851828.5,2508821.33,3492000.0,2387000.0
45047,SC,32191.307984473024,32191.307984473024,403965.94,316558.56,29000.0,469000.0
45049,SC,2180.9435494168447,2189.8892774765136,181145.55,50184.78,135000.0,7000.0
45051,SC,1461802.8631388498,5183240.168249144,42518469.55,145143937.87,125000.0,19567000.0
45053,SC,4672.983879932839,7831.29087103112,459867.54000000004,1874081.24,100000.0,35000.0
45055,SC,44063.339348712114,44063.339348712114,626399.65,252554.53,1000.0,103000.0
45057,SC,36087.126742151915,36087.126742151915,230847.84999999998,171176.53,35700.0,573100.0
45059,SC,21127.490530978066,21127.490530978066,517960.68,27481.52,21000.0,15000.0
45061,SC,1359.266421143528,1359.266421143528,1635.74,147465.01,2000.0,0.0
45063,SC,1040830.336079826,1040830.336079826,675482.7,12600648.13,606450.0,18692930.0
45065,SC,970.280723036615,970.280723036615,88140.99,0.0,0.0,18000.0
45067,SC,188378.62460891093,188393.08070148926,618647.1,19379777.45,2000.0,1761000.0
45069,SC,58801.916620362244,58801.916620362244,107220.67000000001,307748.57,4000.0,805000.0
45071,SC,31336.568034073207,31336.568034073207,23123.71,105009.2,5000.0,279000.0
45073,SC,128562.0853174772,128562.0853174772,80019.95999999999,23841.99,456000.0,23000.0
45075,SC,920069.0325413955,920069.0325413955,1888375.98,1193612.6099999999,1024300.0,31698900.0
45077,SC,198192.55101692982,198192.55101692982,1187935.93,8872.54,2336000.0,561500.0
45079,SC,2084070.0411125175,2084070.0411125175,671024.3,57438840.04,829780.0,31095910.0
45081,SC,3954.6936669690535,3954.6936669690535,0.0,19347.2,0.0,37400.0
45083,SC,353080.9038092368,353080.9038092368,1634748.59,217702.49999999997,1143000.0,289000.0
45085,SC,5415.021298396957,5415.021298396957,998254.97,6462996.65,69100.0,62900.0
45087,SC,21052.638613629086,21052.638613629086,0.0,0.0,0.0,0.0
45089,SC,779863.6161732074,779875.5170273761,118013.19000000002,3094835.21,1000.0,9824000.0
45091,SC,66708.02172838475,66708.02172838475,185372.46,151472.61,170500.0,229000.0
46003,SD,35130.731465305194,35130.731465305194,0.0,94396.15,2545000.0,17584000.0
46005,SD,448552.66920893587,448552.66920893587,15724.06,70965.32,660000.0,47672000.0
46009,SD,228.2483567833834,228.2483567833834,0.0,24184.010000000002,1170000.0,30055000.0
46011,SD,1248154.5525847953,1248154.5525847953,0.0,563789.34,22000.0,23435500.0
46013,SD,2685614.138084907,2685614.138084907,2210.16,444884.08999999997,349000.0,36715300.0
46015,SD,3.778585344968101,3.778585344968101,110835.61,0.0,259000.0,10946000.0
46019,SD,284672.1037954172,284672.1037954172,0.0,1605.58,5000.0,1266000.0
46021,SD,11488.176056986367,11488.176056986367,0.0,165942.06,0.0,2583700.0
46023,SD,692243.7522814109,692243.7522814109,0.0,264600.44,3057000.0,38207000.0
46025,SD,28424.129895818336,28424.129895818336,0.0,27068.68,308000.0,16220800.000000002
46027,SD,1843964.5978574238,1843964.5978574238,2000.0,46072.38,6500000.0,26972000.0
46029,SD,353683.0386209033,353683.0386209033,75572.18,1223898.12,327000.0,7351700.0
46031,SD,14607.17718154844,14607.17718154844,0.0,0.0,0.0,1540000.0
46033,SD,653528.300681059,653528.300681059,0.0,93173.65,20000.0,1422000.0
46035,SD,753434.9903197207,753434.9903197207,1189834.44,792866.3999999999,10681000.0,37613000.0
46037,SD,236950.23300095188,236950.23300095188,100000.0,2050759.43,300000.0,11634300.0
46039,SD,44.038283621690844,44.038283621690844,0.0,0.0,10000.0,11568700.0
46041,SD,36354.73242824859,36354.73242824859,0.0,0.0,0.0,3218800.0
46043,SD,43198.64307208652,43198.64307208652,0.0,0.0,597000.0,28320000.0
46045,SD,9817.324815985672,9817.324815985672,0.0,2300.6,0.0,15009600.0
46047,SD,159547.12735268762,159547.12735268762,0.0,0.0,0.0,470000.0
46049,SD,3520.8677919211095,3520.8677919211095,0.0,0.0,300000.0,22931100.0
46051,SD,185908.73333150463,185908.73333150463,0.0,70054.79000000001,300000.0,9725800.0
46053,SD,0.8487328239358235,0.8487328239358235,0.0,167335.16999999998,352000.0,8163000.0
46055,SD,63261.789670541155,63261.789670541155,0.0,0.0,0.0,100000.0
46057,SD,168487.30109630158,168487.30109630158,0.0,3697175.34,0.0,11911900.0
46059,SD,22674.087229368975,22674.087229368975,91.0,77119.01,491000.0,36694500.0
46061,SD,268416.50851240597,268416.50851240597,0.0,166927.79,1014000.0,30588000.0
46065,SD,49659.393102493385,49659.393102493385,0.0,487522.87,0.0,2954600.0
46067,SD,882237.091668061,882237.091668061,31020.0,200977.47,2230000.0,64344000.0
46069,SD,0.054522736920961,0.054522736920961,0.0,0.0,0.0,7707800.0
46071,SD,45156.694598475035,45156.694598475035,0.0,0.0,0.0,490000.0
46073,SD,1.662141925735734,1.662141925735734,0.0,0.0,0.0,9364000.0
46075,SD,0.17951201807967646,0.17951201807967646,0.0,0.0,0.0,2934400.0
46077,SD,7126.564752273181,7126.564752273181,0.0,502444.54000000004,50000.0,33729000.0
46079,SD,475579.1660841138,475579.1660841138,0.0,6870704.42,750000.0,31465000.0
46081,SD,211656.80082453354,211656.80082453354,0.0,46785.25,2000.0,797000.0
46083,SD,1114055.4014988462,1114055.4014988462,662301.29,1358553.39,12001000.0,34177000.0
46085,SD,6901.849639013919,6901.849639013919,0.0,376267.52,0.0,5035500.0
46087,SD,262938.5182570385,262938.5182570385,128546.79000000001,443077.88,1720000.0,42227000.0
46089,SD,4020.154991552185,4020.154991552185,0.0,0.0,0.0,5031800.0
46091,SD,58012.59369377934,58012.59369377934,0.0,144192.38,300000.0,18479300.0
46093,SD,661448.0102427147,661448.0102427147,0.0,27258.19,250000.0,3257000.0
46097,SD,11408.006415115093,11408.006415115093,0.0,0.0,90000.0,19747000.0
46099,SD,2812739.7193772206,2812739.7193772206,907965.75,6918981.54,959000.0,35788000.0
46101,SD,648933.0261747887,648933.0261747887,0.0,615513.65,105000.0,17631000.0
46102,SD,29028.327418669218,29028.327418669218,0.0,0.0,0.0,622000.0
46103,SD,576186.998654596,576186.998654596,52038.23,327348.1,1000000.0,4580000.0
46105,SD,17426.926931462433,17426.926931462433,0.0,0.0,0.0,605000.0
46109,SD,361866.3742340521,361866.3742340521,173778.86,303767.42,350000.0,12511000.0
46111,SD,170769.94457410747,170769.94457410747,0.0,1955.53,961000.0,18073000.0
46115,SD,1547996.2661831577,1547996.2661831577,0.0,610179.37,2000.0,45535000.0
46117,SD,65142.97055703131,65142.97055703131,0.0,2406215.43,12000.0,2890000.0
46119,SD,287.59789825040974,287.59789825040974,0.0,1513.13,0.0,7511300.0
46121,SD,57166.70520648267,57166.70520648267,0.0,575.49,0.0,670000.0
46123,SD,62751.02441182043,62751.02441182043,0.0,0.0,31000.0,21000.0
46125,SD,5439178.60673807,5439178.60673807,713731.66,332706.67,5050000.0,44537000.0
46127,SD,815407.0603516113,815407.0603516113,2287887.01,5037586.7,54569000.0,15427000.0
46129,SD,1938.7305579292724,1938.7305579292724,0.0,0.0,0.0,6462300.0
46135,SD,1260283.4845070674,1260283.4845070674,0.0,1432491.69,1025000.0,55068000.0
46137,SD,224330.74082919175,224330.74082919175,0.0,0.0,0.0,1507000.0
47001,TN,32852.49716521837,32852.49716521837,56461.58,21337.530000000002,0.0,614000.0
47003,TN,45925.33729060088,45925.33729060088,45680.95,85099.59999999999,40000.0,302400.0
47005,TN,42724.60766898323,42724.60766898323,0.0,493212.1,2000.0,462500.0
47007,TN,125366.72309932554,125366.72309932554,0.0,0.0,0.0,912500.0
47009,TN,401895.8585114954,401895.8585114954,260728.3,81362.94,5000.0,2775000.0
47011,TN,1126982.2178299453,1126982.2178299453,194507.88999999998,777251.94,0.0,4000.0
47013,TN,483663.15893741674,483663.15893741674,426227.22000000003,150196.69,353000.0,6410000.0
47015,TN,42056.72235247586,42056.72235247586,1223728.78,128726.84,96940.0,5000.0
47017,TN,229751.3676797798,229751.3676797798,0.0,519879.86,80000.0,4771000.0
47019,TN,1961721.2666277825,1961721.2666277825,3860629.34,407839.02999999997,62501000.0,2102500.0
47021,TN,683873.7386511988,683873.7386511988,730644.18,23033577.25,218720.0,12794930.0
47023,TN,61400.36368279137,61400.36368279137,0.0,36126.14,0.0,230000.0
47025,TN,107173.89008736612,107173.89008736612,21467.82,329181.32,1200000.0,181000.0
47027,TN,25481.21389687818,25481.21389687818,35660.07,400035.39,238640.0,569000.0
47029,TN,96588.0505916099,96588.0505916099,5493151.02,4052.7,524300.0,37000.0
47031,TN,38653.16108207013,38653.16108207013,89718.61,61587.34,50000.0,453890.0
47033,TN,128505.37056273124,128505.37056273124,0.0,262642.95,14000.0,14075000.0
47035,TN,53525.5564311734,53525.5564311734,0.0,7780.48,82000.0,1595000.0
47037,TN,61205718.629040554,61205718.629040554,27708567.03,149004421.08,22095000.0,1577067000.0
47039,TN,585669.3439225977,585669.3439225977,67853.4,1550009.88,0.0,4000000.0
47041,TN,13117.954415843644,13117.954415843644,62508.84,93377.91,0.0,20000.0
47043,TN,170579.11248968035,170579.11248968035,1192494.3900000001,2519407.98,406610.0,3013000.0
47045,TN,218701.2508248238,218701.2508248238,2782051.0,4021983.75,2025000.0,10302000.0
47047,TN,179267.7266933202,179267.7266933202,251604.82,408309.86,0.0,505000.0
47049,TN,44324.572628083755,44324.572628083755,0.0,0.0,231250.0,5353000.0
47051,TN,51090.50287723815,51090.50287723815,3238.39,76962.11,0.0,2000.0
47053,TN,3093044.3514154702,3093044.3514154702,82737.79000000001,2146436.22,80000.0,509136000.0
47055,TN,25871.943192708397,25871.943192708397,55442.68,288625.79,30000.0,24000.0
47057,TN,56355.145349591716,56355.145349591716,13257.35,11250.4,0.0,780000.0
47059,TN,197592.11968107315,197592.11968107315,1144897.17,24767.18,22891000.0,575000.0
47061,TN,936.4066949956051,936.4066949956051,0.0,35749.83,510000.0,14000.0
47063,TN,81814.60035442779,81814.60035442779,76010.92000000001,113356.83,11000000.0,1275000.0
47065,TN,4921244.062892755,4921244.062892755,4191789.32,3221461.96,1702000.0,4692000.0
47067,TN,32320.90844315646,32320.90844315646,53783.26,183501.03,0.0,0.0
47069,TN,88361.92652672094,88361.92652672094,0.0,12312.630000000001,50000.0,587000.0
47071,TN,429802.07048052386,429802.07048052386,327911.89999999997,2137798.29,35000.0,3221000.0
47073,TN,23885.648109986734,23885.648109986734,62852.59,34773.68,205000.0,13000.0
47075,TN,426237.03267779533,426237.03267779533,115010.64000000001,1294678.59,270000.0,4500000.0
47077,TN,234344.3179301368,234344.3179301368,180081.18,325320.23,150000.0,5245000.0
47079,TN,66682.89868357283,66682.89868357283,19782.55,74121.57,313000.0,262000.0
47081,TN,95930.18740356078,95930.18740356078,3907704.4499999997,643035.39,300000.0,3849330.0
47083,TN,397553.3518673278,397553.3518673278,497135.73000000004,1015724.16,617990.0,4804000.0
47085,TN,198970.90213967612,198970.90213967612,12227039.38,3416480.42,100005000.0,2250000.0
47087,TN,260593.90204741087,260593.90204741087,51550.68,1194990.41,429630.0,10430000.0
47089,TN,150405.23661928726,150405.23661928726,26287.95,192151.5,8000.0,2191000.0
47091,TN,205534.04946942735,205534.04946942735,1852314.67,309069.16,6500000.0,921000.0
47093,TN,2061053.4731650508,2061053.4731650508,1149678.47,3600423.34,37000.0,34501000.0
47095,TN,52511.220243231815,52511.220243231815,0.0,287275.94,15000.0,1265000.0
47097,TN,107679.65165911533,107679.65165911533,40669.0,2582832.41,0.0,4261500.0
47099,TN,298881.53398639493,298881.53398639493,0.0,7636.77,116000.0,777000.0
47101,TN,61148.67503161331,61148.67503161331,55939.21,389653.6,0.0,492000.0
47103,TN,183200.602684336,183200.602684336,187030.91,271719.86,0.0,2000.0
47105,TN,233763.7266455736,233763.7266455736,7508.31,250166.65,0.0,4000.0
47107,TN,788582.1759433113,788582.1759433113,0.0,12094.42,0.0,13000.0
47109,TN,108885.26980587642,108885.26980587642,695669.01,83490.39,2000000.0,313000.0
47111,TN,387545.69083533686,387545.69083533686,7985.11,177532.61000000002,0.0,9059000.0
47113,TN,1137673.0867704106,1137673.0867704106,521907.08,2218988.52,210000.0,12671000.0
47115,TN,1294780.2051815628,1294780.2051815628,265198.44,376701.76,22000.0,3831000.0
47117,TN,67886.65766056787,67886.65766056787,32677.37,46990.15,500000.0,313940.0
47119,TN,267626.6823954069,267626.6823954069,908145.13,1301244.71,449900.0,1552000.0
47121,TN,97489.22633919514,97489.22633919514,0.0,15212.63,0.0,2000.0
47123,TN,789792.1547618654,789792.1547618654,167956.33000000002,39128.97,10000000.0,10000.0
47125,TN,332591.5601260574,332591.5601260574,3112199.08,7302488.71,3000000.0,3988000.0
47127,TN,7378.384077518471,7378.384077518471,0.0,0.0,0.0,0.0
47129,TN,35161.35772930756,35161.35772930756,0.0,42968.770000000004,1000.0,358000.0
47131,TN,184741.13250984074,184741.13250984074,2010059.71,644669.56,8425000.0,720000.0
47133,TN,250266.64909301975,250266.64909301975,40016.829999999994,106731.19999999998,11000.0,10750460.0
47135,TN,242386.12773904717,242386.12773904717,17680.93,2288114.7,0.0,2854000.0
47137,TN,8355.786119374165,8355.786119374165,0.0,0.0,25000.0,0.0
47139,TN,183319.133983038,183319.133983038,115358.45,84803.97,0.0,17000.0
47141,TN,423886.49423376506,423886.49423376506,445639.74,646763.41,815000.0,26224000.0
47143,TN,1372271.7489547962,1372271.7489547962,5111.95,1162685.39,10000.0,337000.0
47145,TN,248794.83441951423,248794.83441951423,22121.66,79948.95999999999,0.0,10781000.0
47147,TN,59253.123252165,59253.123252165,204094.84000000003,1881291.56,8155000.0,1028000.0
47149,TN,287924.7497090819,287924.7497090819,1734900.91,3148116.13,10000.0,3652000.0
47151,TN,194794.6635358119,194794.6635358119,0.0,0.0,1730000.0,2016000.0
47153,TN,406624.3903355095,406624.3903355095,37553.81,5302.34,0.0,110000.0
47155,TN,268113.69758669526,268113.69758669526,1174965.3900000001,745750.72,270000.0,3652000.0
47157,TN,109084847.22485903,109084847.22485903,2131894.78,18152112.2,192000.0,2134477500.0
47159,TN,409904.86184971366,409904.86184971366,265312.31,4212301.68,5000.0,4716000.0
47161,TN,260192.52813203202,260192.52813203202,41274.64,530449.91,30000.0,13617000.0
47163,TN,17081.659259682085,17081.659259682085,504055.18,793120.51,2000.0,55000.0
47165,TN,416164.34143096843,416164.34143096843,1768540.26,11617691.26,4150000.0,8838800.0
47167,TN,879842.3763209189,879842.3763209189,1280452.97,3703767.87,5120000.0,21290000.0
47169,TN,125385.23840154732,125385.23840154732,0.0,230635.71,0.0,2266000.0
47171,TN,11252.290371100547,11252.290371100547,1085428.2,69567.07,10150000.0,183000.0
47173,TN,101788.12400245418,101788.12400245418,113452.91,0.0,0.0,1530000.0
47175,TN,12743.275598803426,12743.275598803426,25357.43,318272.17,5000.0,5000.0
47177,TN,50747.511114428395,50747.511114428395,30993.44,34549.67,0.0,601180.0
47179,TN,364848.12816357816,364848.12816357816,2476828.86,1844712.21,39005000.0,5390000.0
47181,TN,717903.017517542,717903.017517542,238737.52,911752.74,0.0,8851000.0
47183,TN,67586.48340065582,67586.48340065582,8816.38,8781.61,535000.0,247000.0
47185,TN,5201.616605985993,5201.616605985993,14467.46,38909.780000000006,25000.0,129000.0
47187,TN,578576.1484195365,578576.1484195365,9202784.01,18993553.3,1900000.0,10258000.0
47189,TN,3120602.8140383787,3120602.8140383787,4002347.68,6355686.61,1500000.0,37710000.0
48001,TX,537744.4763238546,537744.4763238546,48854.78,221009.35,129000.0,3050000.0
48003,TX,7779.376308402319,7779.376308402319,0.0,0.0,65000.0,70900.0
48005,TX,207471.25706423004,207471.25706423004,1546333.92,709548.49,0.0,175000.0
48007,TX,88259.28572114134,10421523.379057497,6575590.35,51281599.91,555000.0,355000.0
48009,TX,13882.470988197605,13882.470988197605,0.0,523799.61000000004,10000.0,0.0
48013,TX,107946.99030365217,107946.99030365217,79254.76000000001,103007.37,0.0,0.0
48015,TX,221332.37576439374,221332.37576439374,349522.58,12271607.01,0.0,2470000.0
48017,TX,2927.8999214075875,2927.8999214075875,0.0,0.0,0.0,225000.0
48019,TX,627327.9129907223,627327.9129907223,0.0,812090.94,0.0,0.0
48021,TX,849689.70924033,849689.70924033,62320.8,8148893.61,0.0,5610000.0
48023,TX,106464.91471925848,106464.91471925848,0.0,0.0,0.0,0.0
48025,TX,101200.03513914194,101200.03513914194,87770.5,264739.41,30000.0,825000.0
48027,TX,649095.4822913023,649095.4822913023,709548.27,10654920.27,161000.0,3982000.0
48029,TX,2346527.096722013,2346527.096722013,2618173.38,7900417.15,23210000.0,150000.0
48031,TX,738617.9419177781,738617.9419177781,0.0,2403377.75,0.0,20000000.0
48035,TX,155468.23527430074,155468.23527430074,886364.09,189197.09000000003,50000.0,827000.0
48037,TX,1703320.942425008,1703320.942425008,1922714.64,1591743.26,0.0,29900000.0
48039,TX,137833336.3246906,138823029.8212325,10570887.76,439220279.69,26000.0,2002401000.0
48041,TX,174073.95986122865,174073.95986122865,620626.67,5415098.91,820000.0,273000.0
48043,TX,1642643.2603203463,1642643.2603203463,0.0,29148.21,100000.0,2000.0
48045,TX,123.3116219323523,123.3116219323523,0.0,0.0,0.0,37000.0
48047,TX,114761.07640923101,114761.07640923101,0.0,247842.55999999997,0.0,340000.0
48049,TX,5003753.0576702515,5003753.0576702515,101353.23000000001,1003206.5700000001,0.0,2405000.0
48051,TX,151222.88188471695,151222.88188471695,17979.120000000003,1290865.8900000001,0.0,30000.0
48053,TX,8745641.746661335,8745641.746661335,1933586.4100000001,17682649.54,6000000.0,30000000.0
48055,TX,4895288.371999555,4895288.371999555,0.0,6033024.0200000005,0.0,13900000.0
48057,TX,53205.65482277308,3171205.122954121,2216530.71,3418536.48,0.0,1110000.0
48059,TX,52369.15983216676,52369.15983216676,930.08,0.0,0.0,1060000.0
48061,TX,7446353.080094081,22922465.14285414,94489705.54,44230832.28,145516000.0,100857500.0
48063,TX,1936.696517729645,1936.696517729645,0.0,0.0,0.0,30000.0
48065,TX,40926.227155935805,40926.227155935805,0.0,35215.54,2000.0,0.0
48067,TX,45271.657738403235,45271.657738403235,11253.99,40580.7,0.0,0.0
48069,TX,5037.925172880078,5037.925172880078,0.0,0.0,0.0,350000.0
48071,TX,3393320.3637116705,3625980.444849432,567747.85,102949667.99,0.0,80083000.0
48073,TX,81974.63473719609,81974.63473719609,22816.8,282731.02,0.0,25000.0
48075,TX,3158.9954176623187,3158.9954176623187,0.0,0.0,0.0,295000.0
48077,TX,48332.73499634024,48332.73499634024,3668.14,749642.54,0.0,0.0
48079,TX,13483.649392608,13483.649392608,0.0,0.0,0.0,600000.0
48081,TX,1822.9478449767882,1822.9478449767882,0.0,0.0,0.0,0.0
48083,TX,101918.63160225519,101918.63160225519,0.0,6763.76,0.0,0.0
48085,TX,133848.1794626006,133848.1794626006,1230153.12,1947079.04,194000.0,71000.0
48087,TX,3798.820552003738,3798.820552003738,16916.559999999998,0.0,0.0,50000.0
48089,TX,355971.2853094456,355971.2853094456,573072.99,3385369.5300000003,0.0,2550000.0
48091,TX,9314258.607956247,9314258.607956247,430616.70999999996,15866267.27,300000.0,10120000.0
48093,TX,140829.19676242335,140829.19676242335,0.0,30374.17,0.0,17000.0
48095,TX,3255.490800975464,3255.490800975464,0.0,26344.57,0.0,150000.0
48097,TX,3051635.347473453,3051635.347473453,83662.88,1105147.18,61000.0,1920000.0
48099,TX,246547.9976742278,246547.9976742278,516097.04000000004,398643.19,35000.0,350000.0
48105,TX,102742.48432852555,102742.48432852555,0.0,0.0,0.0,0.0
48107,TX,13882.249861480075,13882.249861480075,0.0,32518.95,0.0,2111000.0
48109,TX,39682.14538991969,39682.14538991969,63111.62,0.0,7000.0,6200.0
48111,TX,4909.818871326219,4909.818871326219,0.0,884.33,0.0,0.0
48113,TX,2559409.7889248435,2559409.7889248435,12417406.74,18656983.7,1353257000.0,37821000.0
48115,TX,43649.84408008004,43649.84408008004,15000.0,9326.08,20251500.0,16400.0
48117,TX,12534.095525357585,12534.095525357585,21071.3,0.0,1000.0,0.0
48119,TX,228.54415169864671,228.54415169864671,0.0,0.0,12000.0,50000.0
48121,TX,742724.3815948449,742724.3815948449,1584194.69,5151298.87,815000.0,11068000.0
48123,TX,9189422.036530169,9189422.036530169,80176.41,1504835.45,0.0,3000000.0
48125,TX,1453.599761526046,1453.599761526046,0.0,0.0,0.0,0.0
48127,TX,920789.438476113,920789.438476113,0.0,472410.33999999997,0.0,0.0
48129,TX,57535.69201549167,57535.69201549167,0.0,0.0,39000.0,0.0
48131,TX,13920.121721381096,13920.121721381096,41635.0,0.0,200000.0,50000.0
48133,TX,169867.21891936922,169867.21891936922,152188.51,2802722.57,10000.0,62000.0
48135,TX,557139.2345379646,557139.2345379646,707369.83,1015950.96,932000.0,2019700.0
48137,TX,49836.28577340451,49836.28577340451,0.0,0.0,0.0,0.0
48139,TX,829406.1892832225,829406.1892832225,885595.03,4035354.95,80000.0,506000.0
48141,TX,15037616.169951174,15037616.169951174,2711885.58,1296657.26,610000.0,4460000.0
48143,TX,312517.5477208996,312517.5477208996,83936.42,533728.37,0.0,103000.0
48145,TX,18770.144957445656,18770.144957445656,58640.89,46686.73,45000.0,70000.0
48147,TX,239935.8373455719,239935.8373455719,152562.45,1303094.24,35000.0,27500.0
48149,TX,463125.79847644333,463125.79847644333,536711.3099999999,6493435.8,0.0,50010000.0
48151,TX,6093.805300636321,6093.805300636321,0.0,0.0,0.0,0.0
48153,TX,84587.67720044854,84587.67720044854,0.0,0.0,0.0,1025000.0
48155,TX,591.8065913894948,591.8065913894948,0.0,0.0,0.0,0.0
48157,TX,47109068.681468315,47110550.12155866,4184058.29,430691674.66,0.0,8003275000.0
48159,TX,892.56488273754,892.56488273754,0.0,281267.38,0.0,0.0
48161,TX,72081.20798362492,72081.20798362492,28427.82,510539.3,115000.0,376000.0
48163,TX,104537.41237533736,104537.41237533736,0.0,0.0,0.0,0.0
48165,TX,426551.53119929996,426551.53119929996,0.0,11207.15,75500.0,46850.0
48167,TX,334704628.2960421,334939608.4079913,19716796.41,843256038.77,505000.0,10000582000.0
48169,TX,3106.44956096253,3106.44956096253,0.0,0.0,10000.0,52450500.0
48171,TX,295718.50668083003,295718.50668083003,0.0,59052.75,10000.0,500000.0
48173,TX,2.551458557238416,2.551458557238416,0.0,0.0,0.0,6000.0
48175,TX,32684.93923630745,32684.93923630745,0.0,0.0,0.0,5000.0
48177,TX,9200687.185399668,9200687.185399668,254055.34000000003,279717.38,0.0,10000.0
48179,TX,1223.515129147433,1223.515129147433,0.0,3655.64,1000.0,0.0
48181,TX,1860636.8854522184,1860636.8854522184,683389.07,8251479.54,482000.0,991000.0
48183,TX,153676.49678257797,153676.49678257797,379204.21,2773089.88,0.0,65000.0
48185,TX,135927.6315805323,135927.6315805323,119125.53,1042088.38,0.0,1524000.0
48187,TX,7749434.124287809,7749434.124287809,428289.89,11061608.15,2500000.0,10000000.0
48189,TX,136727.85975079873,136727.85975079873,0.0,31588.27,0.0,1861200.0
48191,TX,66636.93505223798,66636.93505223798,0.0,1760.66,1000000.0,5315500.0
48193,TX,506651.16843549954,506651.16843549954,0.0,5523.1,30000.0,16000.0
48195,TX,64.00679387265465,64.00679387265465,0.0,0.0,1000.0,0.0
48197,TX,8782.844985882943,8782.844985882943,0.0,0.0,0.0,0.0
48199,TX,5731402.731843085,5731830.2550036395,2720368.6,160727979.45,325000.0,610611000.0
48201,TX,648377780.9968709,649131317.7443762,71013381.18,6470103312.97,1443100.0,10273841000.0
48203,TX,47863.1844030706,47863.1844030706,44874.7,3661121.69,0.0,216000.0
48205,TX,2785.3604533769976,2785.3604533769976,0.0,0.0,0.0,0.0
48207,TX,304115.47457250865,304115.47457250865,98137.67,1422818.92,0.0,2300000.0
48209,TX,14398124.207063412,14398124.207063412,131369.46,64517576.23,0.0,212705000.0
48211,TX,5332.358320988769,5332.358320988769,0.0,0.0,13000.0,0.0
48213,TX,232428.09097274265,232428.09097274265,380830.52999999997,1935331.03,250000.0,288000.0
48215,TX,9969308.63122811,9969308.63122811,49943022.51,58427541.95,111406000.0,208550500.0
48217,TX,176813.51959386622,176813.51959386622,156149.19,174934.31,232000.0,1617000.0
48219,TX,202853.8421015637,202853.8421015637,0.0,60572.590000000004,0.0,3030000.0
48221,TX,314069.038916469,314069.038916469,124327.64,2570630.86,0.0,2017000.0
48223,TX,320708.2912956351,320708.2912956351,0.0,95489.56999999999,15000.0,320000.0
48225,TX,173866.88283617905,173866.88283617905,284632.17,69107.81,10000.0,50000.0
48227,TX,138674.43542640939,138674.43542640939,332560.44,19267.95,331000.0,647100.0
48229,TX,15577.353205933357,15577.353205933357,0.0,0.0,0.0,4000.0
48231,TX,164681.0649772719,164681.0649772719,330919.01,826298.96,115000.0,831000.0
48233,TX,50543.31010924021,50543.31010924021,0.0,14515.26,0.0,25000.0
48235,TX,54689.628333546745,54689.628333546745,13409.54,0.0,0.0,0.0
48237,TX,98719.53414789279,98719.53414789279,122621.20000000001,103279.53,30000.0,60500.0
48239,TX,246934.64970072158,2393798.6960993335,836200.22,629867.09,210000.0,200000.0
48241,TX,2324376.6293173684,2324426.5053739604,1373465.64,4954133.94,1350000.0,102280000.0
48243,TX,8879.672969533947,8879.672969533947,0.0,0.0,1000000.0,257500.0
48245,TX,47202096.09942779,47243382.806441374,5570287.22,1008838094.88,5273000.0,3301280000.0
48247,TX,699.5465827720964,699.5465827720964,0.0,19454.2,0.0,122000.0
48249,TX,606267.0648956659,606267.0648956659,0.0,918554.26,40000.0,3155000.0
48251,TX,319588.17854393594,319588.17854393594,574527.88,2446087.27,575000.0,2327000.0
48253,TX,1099746.7974294957,1099746.7974294957,1289992.42,134215.34,0.0,6250000.0
48255,TX,1896238.7151107483,1896238.7151107483,12110.51,7659.98,0.0,0.0
48257,TX,351263.5444630912,351263.5444630912,1116088.77,746431.65,2170000.0,1540000.0
48259,TX,666794.5764175376,666794.5764175376,22504.62,676454.59,5000000.0,0.0
48261,TX,315.46700163391245,315.46700163391245,59328.490000000005,0.0,0.0,0.0
48265,TX,178693.17473887836,178693.17473887836,17855676.5,186505.4,200010000.0,50000.0
48267,TX,2929572.279589868,2929572.279589868,9733.16,322117.7,0.0,19000000.0
48271,TX,26440.50658147987,26440.50658147987,0.0,113380.75,0.0,100000.0
48273,TX,82796.62263058241,239614.25662556913,689527.46,530331.94,0.0,200000.0
48275,TX,7223.87361566365,7223.87361566365,0.0,0.0,30000.0,0.0
48277,TX,141301.98258542782,141301.98258542782,531411.33,1478681.18,204000.0,195000.0
48279,TX,16426.710813653917,16426.710813653917,0.0,0.0,0.0,363000.0
48281,TX,91833.73755203867,91833.73755203867,466728.57999999996,176467.63999999998,20000.0,300000.0
48283,TX,16052.11775503724,16052.11775503724,0.0,0.0,0.0,250000.0
48285,TX,901757.3845539482,901757.3845539482,0.0,0.0,0.0,0.0
48287,TX,11495.53933214891,11495.53933214891,20916.72,469217.76,0.0,250000.0
48289,TX,223115.18017554955,223115.18017554955,44785.16,60260.520000000004,80000.0,205000.0
48291,TX,5924387.260312875,5932618.97333916,10755184.85,73495090.63,0.0,96265000.0
48293,TX,170798.72808835105,170798.72808835105,167003.73,1697207.99,242000.0,517000.0
48295,TX,17340.017204973043,17340.017204973043,0.0,0.0,1000.0,0.0
48297,TX,31531.641567597908,31531.641567597908,0.0,0.0,50000.0,290000.0
48299,TX,4966600.952506466,4966600.952506466,651499.5499999999,16504076.61,0.0,71000000.0
48303,TX,2365630.0886269566,2365630.0886269566,159964.99,1582386.88,0.0,138712500.0
48305,TX,11599.60387641497,11599.60387641497,21727.039999999997,0.0,0.0,259252000.0
48307,TX,31125.054508969475,31125.054508969475,18990.15,0.0,0.0,0.0
48309,TX,108626.41321095929,108626.41321095929,1352404.6,1983817.6,114000.0,871000.0
48311,TX,33356.28135914604,33356.28135914604,0.0,0.0,0.0,200000.0
48313,TX,39344.851484225175,39344.851484225175,17146.59,289528.7,3500000.0,100000.0
48315,TX,26694.769419823115,26694.769419823115,41255.98,287223.49,0.0,0.0
48317,TX,170.20855196612916,170.20855196612916,0.0,0.0,105500.0,1550.0
48319,TX,334585.9697065605,334585.9697065605,0.0,90000.0,0.0,8500000.0
48321,TX,273257.1748165465,542576.5396022042,2779841.65,11293907.47,10000.0,2000.0
48323,TX,561233.7786466448,561233.7786466448,115021.01,4428676.08,5000.0,2020000.0
48325,TX,1486668.567130345,1486668.567130345,89818.53,528315.67,0.0,100000.0
48327,TX,85323.73965860574,85323.73965860574,90868.76000000001,53563.68,0.0,7100000.0
48329,TX,268306.21383848944,268306.21383848944,177999.97999999998,812977.36,1472500.0,2085300.0
48331,TX,301156.86533719226,301156.86533719226,0.0,113686.54000000001,20000.0,412000.0
48333,TX,7426.7501516851735,7426.7501516851735,0.0,0.0,50000.0,0.0
48335,TX,19108.5498031335,19108.5498031335,0.0,0.0,6000.0,28600.0
48337,TX,235059.80537100654,235059.80537100654,229060.43,598851.7,5205000.0,230000.0
48339,TX,30254059.25764282,30254059.25764282,38284087.65,438125607.4,6400000.0,7195114000.0
48341,TX,14861.814825356892,14861.814825356892,0.0,0.0,0.0,100000.0
48343,TX,3154.262709347677,3154.262709347677,533.13,25496.510000000002,0.0,0.0
48345,TX,1363.2571037780117,1363.2571037780117,0.0,0.0,0.0,25000.0
48347,TX,147945.1843443775,147945.1843443775,2272986.28,59496.3,0.0,152000.0
48349,TX,6110218.878853196,6110218.878853196,9774.8,2285328.5300000003,246000.0,1002794500.0
48351,TX,1773814.2689180197,1774019.780856392,1523371.78,24607253.38,0.0,134301000.0
48353,TX,86536.09503767098,86536.09503767098,0.0,769304.4400000001,0.0,1100000.0
48355,TX,962.8205200419532,6448072.176277282,4293783.66,158532245.45,455000.0,8160000.0
48357,TX,33682.440147427216,33682.440147427216,0.0,0.0,0.0,0.0
48359,TX,0.9116876045176885,0.9116876045176885,0.0,0.0,0.0,0.0
48361,TX,72156127.76070715,72210230.31591834,2189699.64,664597687.21,5000.0,1559556000.0
48363,TX,172562.6559536627,172562.6559536627,120815.51,917560.39,1000.0,196000.0
48365,TX,295.701350674359,295.701350674359,0.0,32159.32,0.0,0.0
48367,TX,888625.7118119183,888625.7118119183,759721.83,612077.35,307000.0,328000.0
48369,TX,8682.242169232964,8682.242169232964,0.0,0.0,0.0,0.0
48371,TX,47057.38031116355,47057.38031116355,0.0,0.0,570500.0,41600.0
48373,TX,1877291.2907809485,1877291.2907809485,4281924.03,2509918.68,3100000.0,300570000.0
48375,TX,691848.9092105997,691848.9092105997,1181639.35,105030.59,134000.0,11386000.0
48377,TX,91861.97519066998,91861.97519066998,0.0,0.0,20000.0,0.0
48379,TX,8292.815225885082,8292.815225885082,0.0,0.0,110000.0,25000.0
48381,TX,200453.7733075585,200453.7733075585,1033907.95,1241914.08,196200.0,228000.0
48383,TX,409.69918281622637,409.69918281622637,0.0,0.0,0.0,5200.0
48385,TX,198185.95990651974,198185.95990651974,26039.09,5861.92,0.0,0.0
48387,TX,1359.640623008166,1359.640623008166,0.0,0.0,0.0,15000.0
48389,TX,551268.7672582221,551268.7672582221,0.0,1019.89,108000.0,1515800.0
48391,TX,278140.14826171787,567806.9363058181,59586.74,1099019.8599999999,0.0,0.0
48395,TX,437641.3541983729,437641.3541983729,0.0,0.0,34000.0,15000.0
48397,TX,5650.752926527385,5650.752926527385,642349.17,682062.52,7000.0,2000.0
48399,TX,126347.5264241748,126347.5264241748,0.0,116337.22,0.0,0.0
48401,TX,74431.60568419867,74431.60568419867,3117.73,81258.94,0.0,85000.0
48403,TX,2923.440834663032,2923.440834663032,0.0,19246.26,0.0,0.0
48405,TX,111493.1610536169,111493.1610536169,0.0,31882.899999999998,0.0,0.0
48407,TX,2192709.105683581,2192709.105683581,2721661.77,3789511.61,0.0,350072000.0
48409,TX,784337.5555890703,2973118.0083644288,692487.99,9568448.82,10000.0,10980000.0
48411,TX,289124.35591039155,289124.35591039155,1103784.52,52185.06999999999,0.0,0.0
48413,TX,6712.2400869234825,6712.2400869234825,0.0,0.0,0.0,0.0
48415,TX,33125.119509201315,33125.119509201315,0.0,0.0,104600.0,12300.0
48417,TX,265778.86178184504,265778.86178184504,0.0,0.0,0.0,0.0
48419,TX,240816.73791086278,240816.73791086278,0.0,0.0,0.0,0.0
48423,TX,60282.07992393225,60282.07992393225,986040.66,2034770.51,0.0,388000.0
48425,TX,45339.758026406984,45339.758026406984,18262.19,182016.29,0.0,16000.0
48427,TX,2878030.5675522974,2878030.5675522974,1233662.73,201230.83000000002,90000.0,40602000.0
48429,TX,17105.638767818433,17105.638767818433,0.0,582528.43,50000.0,130000.0
48433,TX,120.54321631127549,120.54321631127549,0.0,0.0,0.0,0.0
48435,TX,1050259.2389670084,1050259.2389670084,2529.81,874207.34,0.0,8000000.0
48437,TX,56696.006719100085,56696.006719100085,0.0,9063.62,0.0,350000.0
48439,TX,3693804.482402954,3693804.482402954,5244551.78,19636326.13,3903000.0,33709500.0
48441,TX,2604579.5986232925,2604579.5986232925,68909.75,942700.55,0.0,394000.0
48443,TX,195736.8002241772,195736.8002241772,0.0,0.0,1000.0,0.0
48445,TX,67970.47283674864,67970.47283674864,0.0,59056.729999999996,0.0,880000.0
48447,TX,62169.496111107845,62169.496111107845,0.0,157661.63,0.0,860000.0
48449,TX,81107.56746119495,81107.56746119495,1765.9,247113.27,0.0,0.0
48451,TX,559784.8090474901,559784.8090474901,5006751.5200000005,1224209.01,0.0,1000000.0
48453,TX,6735218.6389990095,6735218.6389990095,4182855.77,75882772.4,5060000.0,132100000.0
48455,TX,57450.42465086953,57450.42465086953,557204.67,384771.91,2700000.0,0.0
48457,TX,1615739.4449717863,1615739.4449717863,347714.03,1659373.1,5000.0,75120000.0
48459,TX,49554.7587163422,49554.7587163422,78006.84,64306.49,0.0,20000.0
48461,TX,39972.77327766673,39972.77327766673,0.0,0.0,0.0,56700.0
48463,TX,2097380.5267426213,2097380.5267426213,24047.12,19728.410000000003,0.0,100000.0
48465,TX,3576955.0888673505,3576955.0888673505,160048.06999999998,971071.91,0.0,150000.0
48467,TX,139153.68250568162,139153.68250568162,889659.85,595329.8,1290000.0,91000.0
48469,TX,1396490.4548601503,1415169.2117891337,500357.16,2521771.73,230000.0,20800000.0
48471,TX,1456882.7955938948,1456882.7955938948,10639164.27,3033408.42,790000.0,600179000.0
48473,TX,961195.3638543885,961195.3638543885,218027.77000000002,40134666.59,0.0,7034000.0
48475,TX,5522.6147543939505,5522.6147543939505,0.0,0.0,1000.0,1500.0
48477,TX,491629.44015036925,491629.44015036925,0.0,1598083.22,0.0,10029000.0
48479,TX,662955.0304594028,662955.0304594028,138596.04,4895125.57,300000.0,8870000.0
48481,TX,685854.8189758721,685854.8189758721,86922.52,42791003.25,0.0,1000.0
48483,TX,225.0755692852389,225.0755692852389,0.0,29964.44,0.0,3000.0
48485,TX,1883239.2581171922,1883239.2581171922,312633.29,2921779.25,0.0,603000.0
48487,TX,841.1471837106642,841.1471837106642,0.0,0.0,0.0,0.0
48489,TX,636764.6874136077,909118.1808111477,2078380.95,1577137.07,42090000.0,25211000.0
48491,TX,398081.59995406267,398081.59995406267,3153073.36,14543839.49,25025000.0,8340000.0
48493,TX,3582177.112947115,3582177.112947115,7875.75,133048.86000000002,1000000.0,80000.0
48495,TX,1637.3791909158397,1637.3791909158397,0.0,0.0,0.0,2700.0
48497,TX,261590.3941640462,261590.3941640462,888258.51,1155501.76,72000.0,1161000.0
48499,TX,93450.75369036046,93450.75369036046,0.0,10415.27,0.0,105000.0
48501,TX,3939.8158039745695,3939.8158039745695,0.0,28251.730000000003,0.0,0.0
48503,TX,41837.94985246095,41837.94985246095,3641.89,78709.62,0.0,220500.0
48505,TX,135933.24534508315,135933.24534508315,2171.53,54050.96,300000.0,1123000.0
48507,TX,849184.6096774137,849184.6096774137,0.0,256813.62000000002,0.0,0.0
49001,UT,113.73349299693314,113.73349299693314,0.0,0.0,0.0,0.0
49003,UT,60312.096755368766,60312.096755368766,0.0,0.0,3031000.0,5000000.0
49005,UT,67933.37398627847,67933.37398627847,5720.65,58113.31,0.0,5150000.0
49007,UT,301818.8792113356,301818.8792113356,294396.1,34696.21,1000.0,7855000.0
49009,UT,0.8797391769470689,0.8797391769470689,0.0,0.0,0.0,100000.0
49011,UT,19601.197154064306,19601.197154064306,131132.59,20580.27,1300000.0,100000.0
49013,UT,11308.476565052655,11308.476565052655,0.0,0.0,7100.0,565000.0
49015,UT,43706.21229035301,43706.21229035301,0.0,0.0,1081000.0,375000.0
49017,UT,174157.11413371027,174157.11413371027,0.0,7178.98,133500.0,587000.0
49019,UT,459329.9217324976,459329.9217324976,146466.08,0.0,39072450.0,3688000.0
49021,UT,309468.56238000636,309468.56238000636,91201.34999999999,71366.83,12242000.0,1980000.0
49023,UT,3177.338745134587,3177.338745134587,0.0,0.0,0.0,30000.0
49025,UT,137125.19668805622,137125.19668805622,9878.59,59011.27,64000.0,1377000.0
49027,UT,16006.411700978584,16006.411700978584,0.0,0.0,1006000.0,170000.0
49029,UT,4341.5357702400315,4341.5357702400315,0.0,7661.64,5000.0,125000.0
49031,UT,13431.988159398883,13431.988159398883,0.0,0.0,1100.0,75000.0
49033,UT,6597.959989083169,6597.959989083169,0.0,2841.72,80000.0,250000.0
49035,UT,930685.8867234514,930685.8867234514,128051.39,289851.28,18892000.0,11565000.0
49039,UT,180900.0659708536,180900.0659708536,0.0,502.66,0.0,320000.0
49041,UT,67252.3661758258,67252.3661758258,0.0,0.0,0.0,1250000.0
49043,UT,50538.18750303557,50538.18750303557,76264.87,33394.590000000004,1000.0,5110000.0
49045,UT,7413.753059626642,7413.753059626642,8727.94,34588.65,1643100.0,0.0
49047,UT,7851.138525173271,7851.138525173271,0.0,7784.07,50000.0,190000.0
49049,UT,552869.7290107644,552869.7290107644,22825.61,82586.79000000001,747000.0,2379000.0
49051,UT,597.0630994247192,597.0630994247192,13157.93,3903.89,15000.0,0.0
49053,UT,22518752.843206774,22518752.843206774,771502.0,95006.39,5859500.0,31425000.0
49055,UT,214307.4885185539,214307.4885185539,0.0,0.0,3119000.0,522000.0
49057,UT,26648.398019258,26648.398019258,96222.59999999999,93328.12,14000.0,1180000.0
50001,VT,134510.91947612006,134510.91947612006,25423.28,922568.78,2095000.0,23555500.0
50003,VT,150012.51757092305,150012.51757092305,340569.17000000004,1143884.99,1030000.0,255000.0
50005,VT,850870.3043314501,850870.3043314501,3331885.8,1485341.02,16881000.0,9385000.0
50007,VT,509399.0464343338,509399.0464343338,1444769.11,2241034.7,920000.0,14878000.0
50009,VT,152766.58740897477,152766.58740897477,0.0,330753.48,600000.0,1832000.0
50011,VT,1168803.1052113022,1168803.1052113022,5101.06,1859036.81,275000.0,502500000.0
50013,VT,31947.227915628224,31947.227915628224,0.0,618322.19,0.0,0.0
50015,VT,523005.32202123676,523005.32202123676,4042013.67,1036957.98,2675000.0,7613000.0
50017,VT,1091900.2555906735,1091900.2555906735,775780.85,940233.01,400000.0,42745000.0
50019,VT,1489789.68870922,1489789.68870922,1455427.6,849219.67,2575000.0,502074000.0
50021,VT,2040315.935942246,2040315.935942246,1265695.95,3088906.91,760000.0,61154000.0
50023,VT,4968277.574952248,4968277.574952248,27966897.69,19132500.02,117980000.0,91092000.0
50025,VT,304948.56799679995,304948.56799679995,1331381.72,9253177.62,6313000.0,123000.0
50027,VT,4249367.572711881,4249367.572711881,10551467.33,13981632.83,25830000.0,133425000.0
51001,VA,1174261.6432891435,8909779.418503357,314248.16,6351024.06,0.0,500000.0
51003,VA,71754.64082003516,71754.64082003516,44761.71,192848.16999999998,20000.0,50000.0
51005,VA,759717.4977207385,759717.4977207385,15448.72,657323.78,0.0,7087000.0
51007,VA,1890.6965581951486,1890.6965581951486,0.0,83034.37,0.0,0.0
51009,VA,57268.2145545064,57268.2145545064,0.0,120896.36,95380.0,270000.0
51011,VA,35843.285100798676,35843.285100798676,0.0,2919.8,1500.0,79000.0
51013,VA,309301.71412646235,322859.88336369226,60580.48,1281719.97,0.0,150000.0
51015,VA,278431.4525632093,278431.4525632093,204749.68,370566.54,25000.0,0.0
51017,VA,438593.8071690349,438593.8071690349,0.0,0.0,0.0,515500.0
51019,VA,73147.91056294329,73147.91056294329,69417.34,49917.13,171000.0,400000.0
51021,VA,127856.13708843636,127856.13708843636,490852.59,150067.21,45000.0,330000.0
51023,VA,186452.96624672454,186452.96624672454,96822.76,183319.91,621000.0,305330.0
51025,VA,41158.911436405426,41158.911436405426,1531.19,14532.18,0.0,0.0
51027,VA,1952532.597909278,1952532.597909278,2052248.87,50934.11,14886700.0,633000.0
51029,VA,101591.70749068906,101591.70749068906,0.0,0.0,60000.0,120000.0
51031,VA,143223.4860658115,143223.4860658115,114462.48000000001,137014.28,174300.0,541000.0
51033,VA,15432.115788239515,34117.105920337905,0.0,11531.89,0.0,0.0
51035,VA,156125.08842849213,156125.08842849213,92345.99,77658.64000000001,212000.0,1680000.0
51036,VA,12237.875483611531,231729.14146044632,8692.35,0.0,0.0,0.0
51037,VA,146199.35589284557,146199.35589284557,0.0,0.0,0.0,1103310.0
51041,VA,291463.66432506865,706255.1751124088,593840.72,387343.14,124000.0,0.0
51043,VA,208798.12960941214,208798.12960941214,0.0,28855.699999999997,0.0,0.0
51045,VA,18715.697602190518,18715.697602190518,37158.6,33218.19,162000.0,30150.0
51047,VA,321371.8225326806,321371.8225326806,171821.86000000002,334912.61,0.0,150000.0
51049,VA,16957.788639517894,16957.788639517894,171899.75999999998,0.0,0.0,0.0
51051,VA,178173.86450355913,178173.86450355913,51670.93,40504.53,58300.0,381000.0
51053,VA,61574.54370182853,61574.54370182853,6122.26,0.0,0.0,0.0
51057,VA,18255.026189190812,1900726.6378527698,4331.14,13950.9,0.0,0.0
51059,VA,645753.3409651987,746530.332572802,904328.0,6820136.55,100000.0,25000.0
51061,VA,307700.4910325767,307700.4910325767,35121.76,29208.450000000004,0.0,20000.0
51063,VA,42508.21632487566,42508.21632487566,0.0,421592.32,53000.0,3346100.0
51065,VA,14000.889404699328,14000.889404699328,0.0,8539.68,0.0,0.0
51067,VA,92031.96581687526,92031.96581687526,23433.57,31374.86,2391000.0,916900.0
51069,VA,80055.21934567901,80055.21934567901,35252.97,200804.96,0.0,5000.0
51071,VA,434727.74507243745,434727.74507243745,547740.1,660371.66,1116000.0,2296000.0
51073,VA,684255.1418675458,3923296.4734047325,312050.83,1221136.01,0.0,0.0
51075,VA,25364.655587148685,25364.655587148685,0.0,8014.82,0.0,0.0
51077,VA,76591.65607025611,76591.65607025611,9383.9,0.0,63801200.0,588040.0
51079,VA,285723.61927506217,285723.61927506217,71755.1,110142.92,0.0,5089000.0
51081,VA,37487.030158650276,37487.030158650276,23414.54,0.0,0.0,450000.0
51083,VA,1723148.6024367977,1723148.6024367977,500000.0,718911.04,320000.0,3528630.0
51085,VA,108922.3937055998,128102.59302897648,15133.919999999998,127829.69,25000.0,5000.0
51087,VA,100781.55444330852,160524.12502125895,182296.6,568170.0599999999,10000.0,0.0
51089,VA,1351401.1185218429,1351401.1185218429,885679.0700000001,426095.77,1260000.0,12226080.0
51091,VA,64317.725968505736,64317.725968505736,0.0,15677.18,0.0,0.0
51093,VA,288218.3757400626,615171.3640090805,145055.25,542528.7,0.0,2700000.0
51095,VA,28459.10715843816,133109.44893381186,97454.39,257325.81,0.0,100000.0
51097,VA,69168.0628112145,728739.3998175837,48056.1,75537.57,0.0,0.0
51099,VA,787.4132365826132,26279.234159940006,2763.84,19238.879999999997,0.0,0.0
51101,VA,88017.71863562679,1342353.7259707197,7936.82,30097.190000000002,0.0,0.0
51103,VA,452402.76802212355,3150632.116008406,40519.68,212881.19,75000.0,0.0
51105,VA,78635.5127024041,78635.5127024041,8314.09,2886.46,5000.0,2500.0
51107,VA,8432.886751893504,8432.886751893504,2758.79,693286.48,0.0,5000.0
51109,VA,40083.03190650519,40083.03190650519,0.0,3126.81,0.0,0.0
51111,VA,3125.721527287192,3125.721527287192,0.0,0.0,0.0,0.0
51113,VA,457267.435613658,457267.435613658,0.0,6137.31,0.0,107000.0
51115,VA,1460606.4016522286,5962508.074886136,51332.32,1388394.21,0.0,0.0
51117,VA,30822.92634879816,30822.92634879816,0.0,4438.77,5500.0,25000.0
51119,VA,87128.55715567867,2311717.461443971,0.0,121696.74,0.0,0.0
51121,VA,175316.8965005775,175316.8965005775,1809634.54,641354.25,107000.0,1697000.0
51125,VA,100409.40063883663,100409.40063883663,5005.91,81449.54,500000.0,30000.0
51127,VA,64039.22157821118,1401631.472646716,0.0,93829.01000000001,0.0,0.0
51131,VA,176001.83275832052,2114428.044911346,0.0,421358.5,0.0,500000.0
51133,VA,497631.09919741907,6182007.381706605,165348.19,357174.64999999997,120000.0,0.0
51135,VA,736.7743579544201,736.7743579544201,2599.24,0.0,0.0,0.0
51137,VA,371038.8560492052,371038.8560492052,155826.66,38384.45,0.0,0.0
51139,VA,834235.0324051993,834235.0324051993,11420.24,51358.8,0.0,5000.0
51141,VA,295773.5194839314,295773.5194839314,4289.0,135816.43,416000.0,5802620.0
51143,VA,886553.115050056,886553.115050056,0.0,184212.47,156000.0,3362000.0
51145,VA,20797.04026094072,20797.04026094072,0.0,4867.3,0.0,0.0
51147,VA,54871.59332914504,54871.59332914504,93838.92,109561.39000000001,0.0,0.0
51149,VA,53201.64695137885,190964.27546283006,91128.95999999999,40748.649999999994,100000.0,0.0
51153,VA,16017.314898457675,64628.525218362665,376535.73,1602681.75,50000.0,200000.0
51155,VA,32749.32381192989,32749.32381192989,1943711.6400000001,447448.94999999995,14535000.0,227320.0
51157,VA,312326.9107091274,312326.9107091274,1346.44,0.0,0.0,0.0
51159,VA,51052.72247447902,550510.8690378487,28664.52,104468.58,0.0,10000.0
51161,VA,212091.94943216967,212091.94943216967,327631.89,1717329.7,225000.0,2658400.0
51163,VA,359103.63822450873,359103.63822450873,71017.63,415282.44,65000.0,95000.0
51165,VA,2104966.505086353,2104966.505086353,0.0,858910.65,0.0,0.0
51167,VA,40674.59019883735,40674.59019883735,196779.16,47677.0,691000.0,49000.0
51169,VA,34824.48017796605,34824.48017796605,17231.87,17754.16,0.0,66000.0
51171,VA,2332172.5478425296,2332172.5478425296,0.0,359214.02,0.0,2160000.0
51173,VA,371029.6365332837,371029.6365332837,652163.4,89173.59999999999,25655000.0,325000.0
51175,VA,141723.78578999013,143787.4187579918,11460.59,28822.68,0.0,1500000.0
51177,VA,253039.2793522293,253105.65358973743,24046.8,74788.82,0.0,10000.0
51179,VA,218970.38236218074,260191.27786815044,15635.78,513395.27,0.0,0.0
51181,VA,22508.83140641793,262575.89934288024,281016.1,81032.92,65000.0,100000.0
51183,VA,247665.76267418772,247665.76267418772,0.0,0.0,0.0,200000.0
51185,VA,3312484.0146127185,3312484.0146127185,3704628.43,640498.01,2407600.0,3783500.0
51187,VA,1254556.7839621908,1254556.7839621908,19512.89,527493.3,0.0,35000.0
51191,VA,33340.689393526496,33340.689393526496,1095035.72,114937.67,120000000.0,32000.0
51193,VA,17444.78299842757,462070.75052727986,259883.07,153145.94999999998,0.0,0.0
51195,VA,90590.14239125531,90590.14239125531,506914.8,659447.09,206000.0,33000.0
51197,VA,45294.98768718116,45294.98768718116,193087.00999999998,17311.45,1202000.0,119000.0
51199,VA,390367.55005894206,3836750.3993833177,34694.96,614713.33,0.0,200000.0
51510,VA,265187.74362483376,441967.21994109475,1214181.3499999999,3005088.92,0.0,50000.0
51520,VA,6296.6376425862,6296.6376425862,14798.710000000001,23281.5,0.0,60000.0
51530,VA,15832.296957835722,15832.296957835722,0.0,5031.42,0.0,0.0
51540,VA,179.74847476354432,179.74847476354432,10094.72,124986.32999999999,0.0,0.0
51550,VA,1267038.1743080842,1677143.9187749468,363360.72,8454035.33,0.0,21525000.0
51570,VA,71972.45741914114,335522.88382915227,121044.20999999999,45374.22,65000.0,0.0
51580,VA,162844.69340878795,162844.69340878795,0.0,1037316.54,0.0,3000000.0
51590,VA,1257731.2037917445,1257731.2037917445,543548.81,3781280.97,0.0,10831560.0
51595,VA,25194.333592122395,25194.333592122395,13349.38,18637.010000000002,0.0,200000.0
51600,VA,25490.600094374942,25490.600094374942,2320.24,545960.41,0.0,0.0
51610,VA,195183.05679180706,195183.05679180706,46896.65,389538.48,0.0,0.0
51620,VA,233836.30816832164,233978.32716061652,0.0,20617.97,0.0,450000.0
51630,VA,195941.2021053209,195946.43669194906,3747.22,144674.95,0.0,25000.0
51640,VA,312767.44841399655,312767.44841399655,0.0,0.0,0.0,2525000.0
51650,VA,159249.25235473554,6182391.297896437,186805.28,12046450.09,0.0,3000000.0
51660,VA,1086120.7285059255,1086120.7285059255,77139.90000000001,444917.36,0.0,0.0
51670,VA,20441.168353971814,331032.5649515403,22389.78,25870.670000000002,0.0,0.0
51678,VA,19189.6890648265,19189.6890648265,0.0,0.0,0.0,25000.0
51680,VA,741725.6819668188,741725.6819668188,81671.85,376835.65,31500.0,18205000.0
51683,VA,636.4678990415933,636.4678990415933,13269.26,63591.52,0.0,0.0
51685,VA,9321.240650069589,9321.240650069589,0.0,4890.29,0.0,0.0
51690,VA,85268.48887232562,85268.48887232562,0.0,0.0,10000.0,878910.0
51700,VA,396387.8986888551,4535530.140437858,250963.15000000002,14506369.44,0.0,1200000.0
51710,VA,1189864.6708754885,5134029.315166122,436544.98,20675685.07,0.0,19000000.0
51720,VA,41371.13376179449,41371.13376179449,53346.35,48163.28,0.0,46000.0
51730,VA,82802.4635452784,148205.64182894406,1239303.48,259542.78,5120000.0,0.0
51735,VA,2689.2146038436804,2280732.057559284,213186.29,4294143.33,0.0,0.0
51740,VA,173379.9080879339,4908876.775261942,140261.22,8549105.01,0.0,3000000.0
51750,VA,22950.79486798433,22950.79486798433,460729.91000000003,0.0,0.0,800000.0
51760,VA,1579455.3300779609,1739622.5446762503,303432.21,393247.58,15000.0,0.0
51770,VA,273717.842110899,273717.842110899,603633.25,1968610.49,72500.0,703000.0
51775,VA,171097.0313061337,171097.0313061337,472545.08,2475734.02,20000.0,450000.0
51790,VA,597715.9791474194,597715.9791474194,341237.3,22712.27,0.0,0.0
51800,VA,53830.4241063329,716742.5525289773,79390.38,2960074.96,0.0,1360000.0
51810,VA,178839.8185676575,5259730.6669838345,1433629.36,64567603.6,0.0,5000000.0
51820,VA,417925.4100320182,417925.4100320182,13735.92,38068.0,0.0,0.0
51830,VA,774.0269515745683,161701.16405446583,0.0,952.49,0.0,0.0
51840,VA,411818.8651826332,411818.8651826332,43440.09,46305.32,0.0,0.0
53001,WA,17247.31609037247,17247.31609037247,2434.56,0.0,0.0,210000.0
53003,WA,82805.72467895398,82805.72467895398,0.0,43218.89,145000.0,1503000.0
53005,WA,45951.130272724484,45951.130272724484,200520.87,104062.75,0.0,60000.0
53007,WA,353547.6831668292,353547.6831668292,1806267.11,96424.34999999999,780000.0,2012680.0
53009,WA,11806.88161239645,79746.81065392896,158656.59000000003,13939.69,6221000.0,50000.0
53011,WA,52058.311346220704,69313.78640293385,26009.14,266977.79000000004,0.0,1500000.0
53013,WA,68076.95801597912,68076.95801597912,341645.16000000003,0.0,0.0,0.0
53015,WA,253325.3732726043,753116.1962112277,1057054.72,2013176.74,250025000.0,3897000.0
53017,WA,3193.42026925444,3193.42026925444,0.0,0.0,1015000.0,65500.0
53019,WA,279322.31312904076,279322.31312904076,0.0,53739.9,1000.0,6634000.0
53021,WA,62236.784989053,62236.784989053,0.0,0.0,0.0,3000000.0
53023,WA,1490.17040015372,1490.17040015372,0.0,0.0,0.0,0.0
53025,WA,20836.97168507128,20836.97168507128,0.0,71718.72,500.0,165500.0
53027,WA,32731.227403678546,6121015.313722842,1570965.27,5449883.45,3509000.0,0.0
53029,WA,130055.28701409523,429811.5138353602,1708765.82,1243856.84,0.0,0.0
53031,WA,24885.053174792152,271530.73947335844,124890.75,232152.92,554000.0,550000.0
53033,WA,893563.7229050328,1146801.2619255765,15280160.24,3014724.86,474000.0,3020000.0
53035,WA,18151.00340929787,754173.3406107686,2234212.86,413087.52999999997,0.0,1000000.0
53037,WA,2174409.1389964772,2174409.1389964772,911821.36,392213.3,0.0,6150000.0
53039,WA,1383.3978623868636,1383.3978623868636,10816.05,21149.760000000002,0.0,0.0
53041,WA,1318562.8607234452,1318562.8607234452,5259056.4399999995,944521.31,3426000.0,300000.0
53043,WA,74527.43443048104,74527.43443048104,0.0,0.0,500.0,1600800.0
53045,WA,21832.287824640633,368319.4243020372,2059164.14,275540.22000000003,13600.0,700000.0
53047,WA,634704.3520367272,634704.3520367272,0.0,226278.35,2027000.0,19049510.0
53049,WA,129285.4757912251,3715995.4545297474,738330.76,1292094.47,990000.0,0.0
53051,WA,129020.19216673668,129020.19216673668,0.0,572428.93,1500.0,8746500.0
53053,WA,210583.1950611079,621515.6239310126,4782217.3,878919.77,0.0,25000.0
53055,WA,7072.540710006242,105853.63321958804,84656.4,29378.85,475000.0,0.0
53057,WA,470019.1870461291,1684768.9480259921,10315792.86,557437.1,15103400.0,500000.0
53059,WA,17827.77755844167,17937.611406983797,0.0,48226.12,0.0,0.0
53061,WA,2450447.59174298,2868470.7047345615,4949836.13,7989080.0,2749000.0,1400000.0
53063,WA,335876.8249199182,335876.8249199182,1022917.08,325929.83,211500.0,13073500.0
53065,WA,91546.97237929689,91546.97237929689,0.0,7460.01,7500.0,2501000.0
53067,WA,26599.03124604061,1040177.0241892441,1949709.92,222169.12,126000.0,0.0
53069,WA,50284.23255959964,2583466.7734949677,9562.75,146443.87,0.0,349000.0
53071,WA,112581.72171720522,112581.72171720522,1088382.32,55702.84,8770000.0,1412000.0
53073,WA,194490.01098908047,327126.7387882789,45086999.67,378811.5,42500000.0,100000.0
53075,WA,216589.39406819353,216589.39406819353,91201.03,48059.270000000004,64500.0,2441000.0
53077,WA,559107.8393750901,559107.8393750901,57397.130000000005,1070532.79,0.0,321000.0
54001,WV,297179.2675505839,297179.2675505839,0.0,12857.21,53650.0,258000.0
54003,WV,274882.7378000751,274882.7378000751,259478.54,841324.0,0.0,0.0
54005,WV,1028284.7408533595,1028284.7408533595,494897.18,162325.04,104500.0,659000.0
54007,WV,519182.6501434062,519182.6501434062,21469.239999999998,285909.45,75250.0,1018000.0
54009,WV,1723410.6021466947,1723410.6021466947,295900.32,766548.35,702000.0,1241000.0
54011,WV,74370.03665392604,74370.03665392604,4943780.85,821032.52,1079000.0,2522500.0
54013,WV,383663.1476913938,383663.1476913938,8853.19,72335.42,301250.0,177000.0
54015,WV,860781.3311566589,860781.3311566589,0.0,1539417.73,148100.0,17561000.0
54017,WV,328531.75733634323,328531.75733634323,87966.29000000001,9720.51,1447000.0,550500.0
54019,WV,828481.0765207243,828481.0765207243,634078.3,1312183.94,9828500.0,4629000.0
54021,WV,476894.0993159058,476894.0993159058,0.0,29698.06,51400.0,227000.0
54023,WV,878684.0760910928,878684.0760910928,0.0,21465.92,0.0,6000.0
54025,WV,2524444.2499378193,2524444.2499378193,55461.009999999995,15549156.86,1049560.0,41455000.0
54027,WV,838117.1927582482,838117.1927582482,0.0,43116.200000000004,100000.0,1000.0
54029,WV,1360317.9298769252,1360317.9298769252,76425.47,73635.59,1280000.0,75000.0
54031,WV,2004293.6825988886,2004293.6825988886,0.0,2098.59,0.0,15000.0
54033,WV,501583.6232099167,501583.6232099167,202433.9,413540.75,784900.0,3358000.0
54035,WV,591587.5695021488,591587.5695021488,397201.81,410188.36,980000.0,1370500.0
54037,WV,180275.75953955128,180275.75953955128,22025.94,111376.45999999999,0.0,0.0
54039,WV,6679168.091170716,6679168.091170716,4581173.64,21697477.84,5775400.0,66691000.0
54041,WV,441238.24188652704,441238.24188652704,88798.93,196465.25,18150.0,168500.0
54043,WV,1488097.1714476235,1488097.1714476235,132349.44,1012943.98,1098250.0,4027000.0
54045,WV,2655934.787877181,2655934.787877181,2943496.87,6003539.41,40900.0,10277000.0
54047,WV,4597525.977550929,4597525.977550929,2579904.29,363527.39999999997,11513650.0,2638000.0
54049,WV,852165.6850863979,852165.6850863979,140326.72,3419753.49,1329000.0,852500.0
54051,WV,1289562.9382370682,1289562.9382370682,271915.55,740875.95,4004000.0,3611500.0
54053,WV,421219.39718253433,421219.39718253433,119516.61,269330.14,57350.0,448000.0
54055,WV,1358857.35506569,1358857.35506569,1452534.96,491130.72000000003,2892000.0,4789200.0
54057,WV,1072084.5732186271,1072084.5732186271,506426.16,26320.43,0.0,1000.0
54059,WV,2938402.7473586556,2938402.7473586556,3247830.27,760916.1900000001,5635000.0,2578000.0
54061,WV,262886.58384307096,262886.58384307096,325186.23,349104.60000000003,69000.0,655000.0
54063,WV,284295.3466868023,284295.3466868023,192662.02,586439.42,435000.0,890000.0
54065,WV,402685.1063052862,402685.1063052862,0.0,536474.67,0.0,0.0
54067,WV,1655619.3315814368,1655619.3315814368,12544.66,5874675.49,13900.0,26568000.0
54069,WV,3677124.4367023236,3677124.4367023236,4894762.87,2715870.2199999997,3539000.0,219000.0
54071,WV,1057360.171358005,1057360.171358005,95827.59,15748.39,0.0,0.0
54073,WV,59988.88567120534,59988.88567120534,0.0,12217.880000000001,3000.0,343000.0
54075,WV,220113.92297895538,220113.92297895538,25735.78,1604485.97,58250.0,743500.0
54077,WV,200208.22878433458,200208.22878433458,163450.09999999998,58721.2,279000.0,147500.0
54079,WV,534468.7672399413,534468.7672399413,331106.38,1608515.26,73750.0,4777000.0
54081,WV,2158708.5176814445,2158708.5176814445,227088.43,1823758.8699999999,48800.0,4619000.0
54083,WV,354990.7049859426,354990.7049859426,206045.07,268869.53,27850.0,1446000.0
54085,WV,261514.4676203288,261514.4676203288,0.0,140362.41,66500.0,915500.0
54087,WV,956811.2496002427,956811.2496002427,122940.18,2166921.93,67650.0,6341500.0
54089,WV,299109.0265858659,299109.0265858659,8524.060000000001,2339731.36,110000.0,1630000.0
54091,WV,190879.34896574542,190879.34896574542,17681.16,318204.61,5500.0,791500.0
54093,WV,197993.00405281325,197993.00405281325,0.0,0.0,5000.0,86500.0
54095,WV,192223.3648402616,192223.3648402616,36096.77,86849.24,39250.0,766000.0
54097,WV,150548.46654265627,150548.46654265627,83323.89,3910.31,73650.0,412000.0
54099,WV,530913.1691602594,530913.1691602594,1025920.26,665108.79,246150.0,1719500.0
54101,WV,845550.6327012724,845550.6327012724,78210.98000000001,1633650.25,17600.0,10021000.0
54103,WV,1981406.1472525278,1981406.1472525278,563846.74,557001.44,2382000.0,77000.0
54105,WV,185388.63461482065,185388.63461482065,0.0,99185.99,11500.0,129000.0
54107,WV,520533.3794050647,520533.3794050647,565612.18,1624220.08,48600.0,1138500.0
54109,WV,1367711.1804620845,1367711.1804620845,1201291.51,954435.66,238000.0,2485000.0
55001,WI,324359.73394441814,324359.73394441814,22627.75,57362.55,54000.0,1762000.0
55003,WI,3317.9040507562995,3317.9040507562995,255000.0,229662.45,0.0,4000.0
55005,WI,33198.80447583861,33198.80447583861,0.0,20052.09,0.0,50000.0
55007,WI,212773.4286130593,218626.95840239804,0.0,136625.16,176000.0,2204000.0
55009,WI,432409.4413349619,808077.6400369275,319269.64999999997,1189115.02,0.0,1695500.0
55011,WI,302436.835459428,302436.835459428,20542.3,167188.03,18000.0,12813200.0
55013,WI,8587.936041035922,8587.936041035922,141352.36000000002,18475.28,30000.0,0.0
55015,WI,412740.9840484802,412740.9840484802,0.0,40884.409999999996,0.0,775000.0
55017,WI,126046.22316167894,126046.22316167894,58024.22,209289.97,0.0,1032000.0
55019,WI,235841.8913800758,235841.8913800758,0.0,343796.32999999996,168000.0,4347000.0
55021,WI,929136.2878923543,929136.2878923543,391479.57999999996,1279289.02,222500.0,1979260.0
55023,WI,5992716.858694091,5992716.858694091,50913.130000000005,1621483.81,520000.0,22880000.0
55025,WI,4026964.6444667345,4026964.6444667345,633188.0800000001,5690155.85,72000.0,38704000.0
55027,WI,702598.9250227978,702598.9250227978,0.0,90728.65999999999,43000.0,66000.0
55029,WI,8932.47871757133,148263.77501376718,38491.869999999995,365231.44,20000.0,75000.0
55031,WI,359168.8107198082,365901.02456497727,213465.54,442038.47,150000.0,21000000.0
55033,WI,81056.19466733321,81056.19466733321,29092.71,0.0,0.0,0.0
55035,WI,897791.4967371469,897791.4967371469,0.0,193735.37,0.0,1060000.0
55037,WI,32983.0127880075,32983.0127880075,0.0,0.0,0.0,1000.0
55039,WI,950048.337564225,950048.337564225,139582.57,2357456.56,102000.0,123000.0
55041,WI,12995.148312615824,12995.148312615824,0.0,25047.84,0.0,0.0
55043,WI,1900666.289281744,1900666.289281744,139479.71,226724.54,487000.0,19472500.0
55045,WI,632754.5753794606,632754.5753794606,1913.86,222121.8,17000.0,634000.0
55047,WI,54909.77345646397,54909.77345646397,0.0,88155.3,0.0,23000.0
55049,WI,141662.027952766,141662.027952766,0.0,37241.89,9000.0,320000.0
55051,WI,179997.24739054035,179997.24739054035,0.0,10347.23,0.0,1000.0
55053,WI,619302.4029414793,619302.4029414793,0.0,378462.67000000004,5000.0,7243300.0
55055,WI,2416118.2004240006,2416118.2004240006,14009.8,775815.64,53000.0,1322000.0
55057,WI,1570018.8760745039,1570018.8760745039,9980.83,3660294.54,460000.0,29938000.0
55059,WI,469837.8332959558,489115.2535848953,294539.56,2720975.29,43000.0,4470000.0
55061,WI,71915.43515822991,71944.08164942567,34342.65,29119.17,0.0,121500.0
55063,WI,897933.5557359303,897933.5557359303,154755.68,274966.66000000003,815000.0,10642000.0
55065,WI,142313.05457968934,142313.05457968934,0.0,79664.73,8000.0,629500.0
55067,WI,116649.48036308095,116649.48036308095,0.0,471.65,318500.0,2000.0
55069,WI,1082.2703709159405,1082.2703709159405,16350.98,0.0,0.0,2000.0
55071,WI,203360.29018685347,203360.29018685347,33955.75,346016.45,28000.0,422000.0
55073,WI,560219.2598677049,560219.2598677049,24578.77,280500.35,68000.0,412500.0
55075,WI,29669.812763506805,29669.812763506805,201294.99,13962.76,130500.0,10000.0
55077,WI,160615.1578479219,160615.1578479219,0.0,149841.57,0.0,2008000.0
55079,WI,4447711.877982283,4460444.304575734,11239437.04,3505316.31,66016000.0,24241500.0
55081,WI,1199012.5640877136,1199012.5640877136,52442.58,1061667.5,414000.0,36412000.0
55083,WI,68074.18142405333,130146.99340279307,207049.82,500484.2,431000.0,384000.0
55085,WI,15653.999772635692,15653.999772635692,0.0,14772.91,0.0,0.0
55087,WI,214865.69464974367,214865.69464974367,724124.77,305104.69,5179000.0,187500.0
55089,WI,503977.8102511057,553751.6083577909,455372.01,1087327.09,551000.0,919000.0
55091,WI,358105.21248006064,358105.21248006064,88842.9,147449.66999999998,0.0,20000.0
55093,WI,30675.44829075663,30675.44829075663,551821.36,615430.9700000001,0.0,0.0
55095,WI,49181.121726996986,49181.121726996986,60235.37,21736.29,0.0,118000.0
55097,WI,245261.38261105935,245261.38261105935,13894.8,128064.35,0.0,1606000.0
55099,WI,738.234585857739,738.234585857739,0.0,24321.37,295000.0,8000.0
55101,WI,825715.3988194112,828791.550354212,83793.02,1274497.77,84000.0,23872000.0
55103,WI,581537.6811827171,581537.6811827171,3392.27,615066.84,0.0,8620000.0
55105,WI,514649.02662991814,514649.02662991814,136313.63,288773.54,30105000.0,188000.0
55107,WI,6036.656251867938,6036.656251867938,0.0,0.0,0.0,50000.0
55109,WI,76210.97765604412,76210.97765604412,793452.21,106274.68,8000000.0,490000.0
55111,WI,1373009.066143136,1373009.066143136,8327.61,3631972.05,32000.0,7315500.0
55113,WI,4280.035144238344,4280.035144238344,54905.950000000004,7978.47,303250.0,15000.0
55115,WI,247590.3597829041,247590.3597829041,33003.18,96648.72,0.0,0.0
55117,WI,1100060.1986483044,1110568.3596792952,181168.11000000002,144282.22,79000.0,78000.0
55119,WI,19797.59895213898,19797.59895213898,0.0,0.0,2000.0,135000.0
55121,WI,1768996.932141118,1768996.932141118,147821.28,2013284.96,117000.0,19239040.0
55123,WI,1995283.4585133956,1995283.4585133956,86383.18999999999,2748245.99,815000.0,59875300.0
55125,WI,858.5042015500338,858.5042015500338,0.0,0.0,0.0,6000.0
55127,WI,396421.1887315291,396421.1887315291,214472.04,350379.27999999997,70000.0,10078000.0
55129,WI,12059.88009557144,12059.88009557144,0.0,75529.03,570000.0,0.0
55131,WI,274873.8647318239,274873.8647318239,287443.25,300915.43000000005,6825000.0,612000.0
55133,WI,1912612.992041579,1912612.992041579,4682669.42,409912.02,99112000.0,2993000.0
55135,WI,35160.98409989083,35160.98409989083,950742.53,139339.21,260000.0,88500.0
55137,WI,108453.91258017797,108453.91258017797,166975.93,16281.84,0.0,34000.0
55139,WI,1273226.2469948223,1273226.2469948223,300662.5,746755.51,0.0,204000.0
55141,WI,587274.3925775776,587274.3925775776,5037.84,674389.21,61500.0,1615000.0
56001,WY,327497.1137378118,327497.1137378118,97443.77,18427.36,91380.0,0.0
56003,WY,88680.44247129606,88680.44247129606,140620.7,89710.21,10000.0,2428500.0
56005,WY,251114.33394353586,251114.33394353586,0.0,1350.57,0.0,187000.0
56007,WY,374402.206472915,374402.206472915,0.0,33430.83,0.0,0.0
56009,WY,31546.20375409357,31546.20375409357,67832.26000000001,2032.6,0.0,10000.0
56011,WY,26015.177818661887,26015.177818661887,0.0,0.0,0.0,166000.0
56013,WY,551267.5162596335,551267.5162596335,0.0,47923.020000000004,20000.0,16700000.0
56017,WY,107766.18743865925,107766.18743865925,0.0,0.0,0.0,1500000.0
56019,WY,204334.68799529874,204334.68799529874,0.0,6950.5,0.0,1875000.0
56021,WY,830865.1122367516,830865.1122367516,44781.42,109509.76999999999,60000.0,6900.0
56023,WY,115016.76703459435,115016.76703459435,29367.71,35739.26,225000.0,1977000.0
56025,WY,461098.7709159648,461098.7709159648,120232.70999999999,35042.479999999996,2866000.0,557000.0
56027,WY,9371.0158491517,9371.0158491517,0.0,0.0,0.0,1500000.0
56029,WY,276849.7472011978,276849.7472011978,0.0,115074.94,25020000.0,190000.0
56031,WY,47116.23985737202,47116.23985737202,0.0,0.0,20000.0,0.0
56033,WY,104013.79172322871,104013.79172322871,9264.99,215165.01,0.0,645000.0
56035,WY,111356.72942531081,111356.72942531081,0.0,0.0,0.0,50000.0
56037,WY,39579.02167715508,39579.02167715508,0.0,863417.45,750000.0,270000.0
56039,WY,10053.569663328562,10053.569663328562,0.0,87936.5,0.0,35000.0
56041,WY,137176.62326238916,137176.62326238916,0.0,0.0,0.0,10000.0
56043,WY,130447.06150646631,130447.06150646631,0.0,0.0,0.0,515000.0
56045,WY,84922.9873584409,84922.9873584409,0.0,0.0,0.0,418000.0
60010,AS,47353.71002648434,98875.92860023977,0.0,4743.37,0.0,0.0
60020,AS,7205.4476837376305,9624.979786327207,0.0,0.0,0.0,0.0
60050,AS,22710.927344166976,31702.1934793502,0.0,0.0,0.0,0.0
66010,GU,4154.005958631923,102561.7490808416,400321.08,346197.7,0.0,0.0
69100,MP,3142.9189278714916,6678.156753120615,0.0,0.0,0.0,0.0
69110,MP,19566.018071834264,45874.95752455713,0.0,0.0,0.0,0.0
69120,MP,30.70703924337555,68.23196425894142,0.0,0.0,0.0,0.0
72001,PR,1570894.569077077,1570894.569077077,0.0,33964.51,0.0,0.0
72003,PR,9216004.201986963,9459493.297652666,55418.18,296025.14,0.0,0.0
72005,PR,19425734.53727884,19429726.77962091,0.0,0.0,0.0,0.0
72007,PR,269229.57407295547,269229.57407295547,0.0,0.0,0.0,0.0
72009,PR,2037939.7842148251,2037939.7842148251,0.0,0.0,0.0,0.0
72011,PR,4224605.438657279,4482811.941811252,123595.06,355827.42,0.0,0.0
72013,PR,23715965.568342164,24228626.470913038,1108726.74,2959595.44,0.0,0.0
72015,PR,394630.70412555546,433229.6545909752,0.0,0.0,0.0,0.0
72017,PR,6192991.939933952,6565280.60452697,0.0,0.0,0.0,0.0
72019,PR,96329.67012643922,96329.67012643922,0.0,0.0,0.0,0.0
72021,PR,7837540.131142018,7849359.250054773,140871.84,324983.44,0.0,0.0
72023,PR,960594.6860515053,2645664.619458353,0.0,0.0,0.0,0.0
72025,PR,6972318.3080136785,6972318.3080136785,0.0,0.0,0.0,0.0
72027,PR,196976.06215032327,200586.58121833485,0.0,0.0,0.0,0.0
72029,PR,1695722.2760048837,1728848.5819643575,0.0,0.0,0.0,0.0
72031,PR,18874721.443871316,19867501.78984707,12697.560000000001,2436252.12,0.0,0.0
72033,PR,3881294.3632113333,10911603.581602946,0.0,0.0,0.0,0.0
72035,PR,282904.1562672408,282904.1562672408,0.0,0.0,0.0,0.0
72037,PR,95223.48970123127,417060.4654421195,0.0,0.0,0.0,0.0
72039,PR,13329.561057646688,13329.561057646688,0.0,0.0,0.0,0.0
72041,PR,4128.477343028467,4128.477343028467,0.0,0.0,0.0,0.0
72043,PR,12607.389899305419,12607.389899305419,30894.27,0.0,0.0,0.0
72045,PR,119473.52682506885,119473.52682506885,0.0,0.0,0.0,0.0
72047,PR,6915.240151066303,6915.240151066303,0.0,0.0,0.0,0.0
72049,PR,6164.958288044719,154327.85337402785,0.0,32724.1,0.0,0.0
72051,PR,29873.41217194244,292059.18536919384,0.0,0.0,0.0,0.0
72053,PR,496130.87695190177,1201634.4659046791,0.0,53708.55,0.0,0.0
72055,PR,339222.5098392112,1589451.8933350816,20951.98,0.0,0.0,0.0
72057,PR,4708.705992727041,1308233.5118432972,61466.020000000004,93636.78,0.0,0.0
72059,PR,64968.963640462236,832427.9266195871,21500.0,675232.88,0.0,0.0
72061,PR,95379.81615753676,365703.5232188186,146306.36999999997,1051448.19,0.0,0.0
72063,PR,15153.27467964935,15153.27467964935,0.0,0.0,0.0,0.0
72065,PR,34029.08191776725,36367.74914126615,0.0,0.0,0.0,0.0
72067,PR,10946.166556719105,10946.166556719105,0.0,0.0,0.0,0.0
72069,PR,260474.57465631067,1710294.6376438476,0.0,962971.23,0.0,0.0
72071,PR,50184.42051691614,52975.65628511139,0.0,0.0,0.0,0.0
72073,PR,7112.424089541433,7112.424089541433,0.0,0.0,0.0,0.0
72075,PR,105976.35081517263,802587.1752626201,0.0,0.0,0.0,0.0
72077,PR,7720.808616185668,7720.808616185668,0.0,0.0,0.0,0.0
72079,PR,39238.72903397613,588131.5081467747,0.0,0.0,0.0,0.0
72081,PR,25169.534126439536,25169.534126439536,0.0,0.0,0.0,0.0
72083,PR,2379.3141263082307,2379.3141263082307,0.0,0.0,0.0,0.0
72085,PR,19471.564987196336,19471.564987196336,0.0,49346.62,0.0,0.0
72087,PR,1885957.1851981473,4148103.551182867,25790.28,492102.43,0.0,0.0
72089,PR,37697.43178773663,449244.02183919284,0.0,0.0,0.0,0.0
72091,PR,46567.28366218291,61148.59474012292,0.0,100608.58,0.0,0.0
72093,PR,3010.7585095390173,3010.7585095390173,0.0,0.0,0.0,0.0
72095,PR,15680.531498108998,25795.356925879547,0.0,16974.91,0.0,0.0
72097,PR,293267.62238956214,2967672.7665575016,0.0,0.0,0.0,0.0
72099,PR,7503.572097648821,7503.572097648821,0.0,0.0,0.0,0.0
72101,PR,1430.7372129522637,1430.7372129522637,0.0,0.0,0.0,0.0
72103,PR,122382.98244929321,266553.37557094166,0.0,0.0,0.0,0.0
72105,PR,1438.3404974261775,1438.3404974261775,0.0,0.0,0.0,0.0
72107,PR,5911.430263742572,5911.430263742572,0.0,0.0,0.0,0.0
72109,PR,70778.64673869881,273288.71950794215,99086.05,1914.9,0.0,0.0
72111,PR,22668.222782912046,605196.4336116019,0.0,0.0,0.0,0.0
72113,PR,32609499.025054213,35569869.23431554,0.0,327629.88,0.0,0.0
72115,PR,208.81792595800556,257.1483213648173,0.0,0.0,0.0,0.0
72117,PR,7102.636005802158,128531.57267969799,0.0,0.0,0.0,0.0
72119,PR,209198.78624780895,1180579.090551963,0.0,0.0,0.0,0.0
72121,PR,12385.399992087578,12385.399992087578,0.0,0.0,0.0,0.0
72123,PR,57749.49826769321,5443140.203847814,0.0,0.0,0.0,0.0
72125,PR,5504.3148924881025,5504.3148924881025,0.0,0.0,0.0,0.0
72127,PR,283775.2863492946,18480161.129308578,0.0,0.0,0.0,0.0
72129,PR,11604.494843610204,11604.494843610204,0.0,0.0,0.0,0.0
72131,PR,57492.18466078562,57492.18466078562,0.0,0.0,0.0,0.0
72133,PR,179921.84533804562,980403.7022282938,0.0,0.0,0.0,0.0
72135,PR,3273.262522791982,3273.262522791982,0.0,0.0,0.0,0.0
72137,PR,2509442.1495348094,3798610.011818829,774383.28,1926113.12,0.0,0.0
72139,PR,9796.236170319757,9796.236170319757,0.0,0.0,0.0,0.0
72141,PR,1661464.2133135784,1661464.2133135784,0.0,0.0,0.0,0.0
72143,PR,4921646.287320401,5001782.5310862195,0.0,0.0,0.0,0.0
72145,PR,49794.922234047044,545563.5002381118,0.0,0.0,0.0,0.0
72147,PR,9004.369828746334,84845.8788087461,0.0,0.0,0.0,0.0
72149,PR,1417.9661295681462,1417.9661295681462,0.0,0.0,0.0,0.0
72151,PR,137112.9694577165,166192.3775048028,0.0,0.0,0.0,0.0
72153,PR,48362.72111465466,48978.18262526493,13312.449999999999,173533.55,0.0,0.0
78010,VI,121481.93281693982,1102912.7102751771,637527.27,11474153.15,0.0,0.0
78020,VI,12658.037007805044,371322.88872378867,0.0,241443.76,0.0,0.0
78030,VI,42272.464942451545,2257783.9274062794,363147.58999999997,11410395.04,0.0,0.0
